iteration,episode_return_mean,episode_len_mean,timesteps,episodes,policy_loss,vf_loss,entropy
1,-0.45,3.49,4096,1179,-0.04470555856823921,9.863945960998535,1.6441236734390259
2,-0.55,3.3600000000000003,8192,2353,-0.05317281559109688,9.542485237121582,1.6480491161346436
3,-0.4,3.84,12288,3450,-0.07592742890119553,9.479769706726074,1.586389422416687
4,-0.7,3.64,16384,4505,-0.02873414009809494,9.881656646728516,1.6140488386154175
5,-0.45,4.27,20480,5511,0.02405119501054287,9.94252872467041,1.5442761182785034
6,-0.75,4.71,24576,6463,-0.14789563417434692,9.651163101196289,1.5287903547286987
7,-0.30000000000000004,4.12,28672,7429,0.04451360926032066,9.661017417907715,1.5520167350769043
8,-0.4,4.71,32768,8388,0.12159091234207153,9.661017417907715,1.5313429832458496
9,-0.75,3.76,36864,9324,-0.07319222390651703,9.73544979095459,1.4870151281356812
10,-0.8500000000000001,4.18,40960,10313,-0.2084868848323822,9.831460952758789,1.4546159505844116
11,-0.8500000000000001,4.25,45056,11344,-0.019385050982236862,9.661017417907715,1.444575309753418
12,-1.1,3.88,49152,12448,0.08085925132036209,9.61111068725586,1.4350136518478394
13,-1.4,3.54,53248,13560,-0.1391068547964096,9.655172348022461,1.3700538873672485
14,-1.1,3.55,57344,14696,-0.06852467358112335,9.880239486694336,1.347206950187683
15,-1.3,3.05,61440,15914,-0.03976692259311676,9.943181991577148,1.410158634185791
16,-1.45,2.98,65536,17157,0.020886722952127457,9.835165023803711,1.3750959634780884
17,-1.2,3.4000000000000004,69632,18416,-0.11125904321670532,9.939759254455566,1.3633097410202026
18,-1.8,2.8,73728,19850,-0.003404169110581279,9.640718460083008,1.3261315822601318
19,-1.6,3.2,77824,21230,-0.2289336621761322,9.870967864990234,1.356603741645813
20,-1.7,2.88,81920,22647,-0.20679792761802673,10.0,1.2770057916641235
21,-2.15,2.69,86016,24101,-0.11308515071868896,9.57575798034668,1.3048614263534546
22,-1.7,2.54,90112,25681,0.025498639792203903,9.817072868347168,1.1761927604675293
23,-2.15,2.2800000000000002,94208,27312,-0.16739267110824585,9.873417854309082,1.255645990371704
24,-2.0,2.51,98304,28950,-0.043039340525865555,9.798657417297363,1.250176191329956
25,-1.5,2.62,102400,30644,-0.1215355396270752,9.671052932739258,1.1862852573394775
26,-2.15,2.5,106496,32353,0.038308899849653244,10.0,1.2074638605117798
27,-1.85,2.5,110592,34094,-0.018496975302696228,9.867549896240234,1.0732134580612183
28,-2.5999999999999996,2.08,114688,35939,0.10680699348449707,9.793103218078613,1.1267988681793213
29,-2.3,2.29,118784,37766,-0.005354935768991709,9.932886123657227,1.139211654663086
30,-1.4500000000000002,2.5,122880,39653,-0.10359878838062286,9.849623680114746,1.1814496517181396
31,-2.35,2.09,126976,41570,-0.042737897485494614,9.85401439666748,1.150516152381897
32,-2.35,2.17,131072,43468,0.0026741093024611473,9.726027488708496,1.144737720489502
33,-2.2,2.1,135168,45288,-0.0443388968706131,9.934210777282715,1.089677333831787
34,-2.1,2.25,139264,47079,-0.03693152219057083,9.9375,1.0932836532592773
35,-2.2,2.1900000000000004,143360,48886,-0.040084920823574066,9.733333587646484,1.0898665189743042
36,-2.2,2.18,147456,50780,-0.05884417146444321,9.727890968322754,1.0408481359481812
37,-2.45,1.92,151552,52700,-0.1933780312538147,9.797297477722168,1.1072078943252563
38,-2.2,2.12,155648,54621,-0.2455020248889923,9.782608985900879,1.0457261800765991
39,-2.45,2.26,159744,56568,0.11849883943796158,9.819276809692383,1.0651488304138184
40,-2.2,2.0300000000000002,163840,58466,0.016323808580636978,9.807692527770996,1.0396965742111206
41,-2.45,1.96,167936,60387,-0.009743992239236832,9.703703880310059,1.079497218132019
42,-2.1,2.18,172032,62210,0.05689667537808418,9.814814567565918,1.0418281555175781
43,-2.3,2.0700000000000003,176128,64044,-0.14002881944179535,9.71830940246582,1.0685601234436035
44,-2.05,2.4400000000000004,180224,65944,-0.04149326682090759,9.647887229919434,1.1006622314453125
45,-2.05,2.25,184320,67794,-0.1385585367679596,9.9375,1.0928634405136108
46,-2.1,2.3,188416,69723,-0.1908857822418213,9.928571701049805,1.0563713312149048
47,-2.5,2.14,192512,71634,-0.24546118080615997,10.0,1.036221981048584
48,-2.2,2.2,196608,73536,-0.030018430203199387,9.85915470123291,1.0440443754196167
49,-2.2,2.11,200704,75398,-0.2038930207490921,9.86486530303955,0.9700502753257751
50,-2.0,2.06,204800,77321,-0.34067174792289734,9.870129585266113,1.0835074186325073
51,-2.8,2.04,208896,79182,0.021167149767279625,9.798657417297363,1.0010175704956055
52,-2.05,2.3200000000000003,212992,81126,-0.0720035657286644,9.671052932739258,0.9690636992454529
53,-2.0,2.45,217088,83012,-0.1450008600950241,9.790209770202637,1.0708510875701904
54,-2.2,1.94,221184,84872,-0.10952938348054886,9.779411315917969,1.0102225542068481
55,-2.2,2.21,225280,86758,0.13977588713169098,9.935483932495117,1.0266032218933105
56,-2.05,2.1900000000000004,229376,88629,0.08982518315315247,9.860139846801758,1.0398436784744263
57,-1.85,2.27,233472,90609,0.08016836643218994,9.860139846801758,1.056323766708374
58,-1.9,2.04,237568,92554,-0.10917752981185913,9.928571701049805,1.0445417165756226
59,-1.85,2.26,241664,94484,-0.049735356122255325,9.935065269470215,1.0620989799499512
60,-2.2,2.02,245760,96354,-0.17031081020832062,9.86486530303955,1.0420929193496704
61,-2.05,2.09,249856,98271,-0.1713685244321823,10.0,1.1146788597106934
62,-2.1,2.2199999999999998,253952,100202,-0.2126937210559845,9.872611045837402,1.013736367225647
63,-1.7,2.13,258048,102243,0.0356503501534462,9.791666984558105,1.0531811714172363
64,-2.1500000000000004,2.17,262144,104196,-0.14933361113071442,9.772727012634277,1.0753247737884521
65,-2.25,1.9900000000000002,266240,106164,-0.04307205229997635,9.866666793823242,1.0600918531417847
66,-2.4000000000000004,1.85,270336,108088,-0.15375202894210815,9.817072868347168,1.0141568183898926
67,-2.0,2.21,274432,109995,0.00011271678522462025,9.932886123657227,1.0352888107299805
68,-2.4000000000000004,1.82,278528,111939,-0.07773753255605698,9.935065269470215,1.039495825767517
69,-2.3,1.79,282624,113964,-0.13782627880573273,9.777777671813965,0.9456149339675903
70,-2.55,2.02,286720,116089,-0.3818289339542389,9.802631378173828,1.0138304233551025
71,-2.6,1.85,290816,118156,-0.11084122210741043,9.793103218078613,0.9886548519134521
72,-2.25,2.35,294912,120123,-0.06801120936870575,10.0,1.0897424221038818
73,-2.5,1.9699999999999998,299008,122074,-0.13792824745178223,9.801324844360352,1.0337163209915161
74,-1.7999999999999998,2.2800000000000002,303104,123915,0.12357234209775925,9.867549896240234,1.066692590713501
75,-1.75,2.0300000000000002,307200,125852,0.036197878420352936,9.932886123657227,1.085160255432129
76,-2.0,2.0700000000000003,311296,127787,0.06364080309867859,9.93055534362793,1.0854750871658325
77,-1.35,2.24,315392,129755,-0.07891694456338882,9.801324844360352,1.0294572114944458
78,-2.3,1.98,319488,131706,0.16125273704528809,9.869280815124512,1.0415549278259277
79,-2.35,2.04,323584,133626,-0.0360507033765316,9.875,0.9573715925216675
80,-1.9,2.13,327680,135564,-0.005207308568060398,10.0,1.0450578927993774
81,-2.35,2.05,331776,137555,0.10059374570846558,9.873417854309082,0.9151058793067932
82,-2.15,2.08,335872,139520,-0.040930118411779404,9.855072021484375,1.076302409172058
83,-2.1,2.07,339968,141485,-0.0490417405962944,9.870129585266113,1.0307865142822266
84,-2.45,1.9300000000000002,344064,143419,-0.024462072178721428,9.793103218078613,0.9762762784957886
85,-2.05,2.09,348160,145398,0.12771114706993103,9.605262756347656,1.022194743156433
86,-2.7,1.89,352256,147381,-0.19198811054229736,9.932886123657227,0.9382480978965759
87,-2.75,1.67,356352,149274,-0.1662229299545288,9.714285850524902,1.0012290477752686
88,-1.7,2.27,360448,151156,-0.20533829927444458,9.70588207244873,0.9724255800247192
89,-2.05,2.1,364544,153066,0.08571339398622513,9.871794700622559,1.0249335765838623
90,-1.75,2.27,368640,154911,0.0532340370118618,10.0,1.038167953491211
91,-2.0,2.09,372736,156783,-0.10548892617225647,9.926470756530762,0.968405544757843
92,-2.1,2.14,376832,158624,-0.16924390196800232,9.869280815124512,0.9739658236503601
93,-1.5,2.3,380928,160535,-0.05366440489888191,9.86111068725586,1.003726601600647
94,-2.05,2.13,385024,162400,0.003983416128903627,9.936708450317383,0.912533164024353
95,-2.25,2.04,389120,164355,-0.08309788256883621,9.720279693603516,0.9368441700935364
96,-1.95,2.16,393216,166257,-0.08815840631723404,9.925926208496094,1.0194711685180664
97,-2.2,1.98,397312,168159,0.0016626481665298343,10.0,1.056329607963562
98,-2.25,1.96,401408,170079,-0.058203209191560745,9.934210777282715,1.0399473905563354
99,-1.95,2.09,405504,172046,-0.020986847579479218,9.932432174682617,1.0248876810073853
100,-1.65,2.19,409600,173966,-0.12945707142353058,9.932886123657227,0.9836879372596741
101,-1.65,2.2800000000000002,413696,175828,-0.18626604974269867,9.857142448425293,1.0247465372085571
102,-1.7,2.23,417792,177597,-0.024699760600924492,9.805194854736328,0.9580581188201904
103,-1.7,2.08,421888,179491,-0.11730730533599854,10.0,1.0429002046585083
104,-1.5,2.2800000000000002,425984,181352,-0.06305679678916931,10.0,1.0635428428649902
105,-1.85,2.26,430080,183187,-0.05879500135779381,10.0,1.034242868423462
106,-1.9,2.06,434176,185049,-0.15415242314338684,9.84615421295166,1.0751677751541138
107,-1.35,2.45,438272,186963,-0.22876708209514618,9.865772247314453,1.0608727931976318
108,-1.85,2.17,442368,188860,-0.0966641753911972,9.858156204223633,1.056396245956421
109,-1.65,2.3899999999999997,446464,190746,0.06582394242286682,9.929078102111816,1.1258373260498047
110,-1.5499999999999998,2.27,450560,192578,-0.09082856774330139,9.876543045043945,0.9481863379478455
111,-1.75,2.09,454656,194405,0.1716240793466568,9.858156204223633,1.0566266775131226
112,-1.25,2.38,458752,196219,-0.06405382603406906,9.858156204223633,1.0367354154586792
113,-1.7,2.29,462848,198022,-0.2577143907546997,9.930069923400879,1.0314817428588867
114,-1.9000000000000001,2.15,466944,199837,0.050942786037921906,9.928057670593262,1.061092495918274
115,-2.25,1.8399999999999999,471040,201667,0.08163800090551376,10.0,1.041711688041687
116,-1.9500000000000002,2.0300000000000002,475136,203436,0.04297969862818718,9.936708450317383,1.0403441190719604
117,-1.1,2.4,479232,205200,-0.10666796565055847,9.791666984558105,1.010119915008545
118,-1.35,2.33,483328,206943,-0.029280411079525948,9.928571701049805,1.062687635421753
119,-1.9,2.2300000000000004,487424,208747,0.03851534053683281,9.808917045593262,1.0674031972885132
120,-1.6,2.29,491520,210523,0.09541143476963043,10.0,1.1011326313018799
121,-1.6,2.32,495616,212258,0.10960736125707626,9.716312408447266,1.0863184928894043
122,-1.4500000000000002,2.41,499712,213953,0.03759179636836052,9.873417854309082,1.0579590797424316
123,-1.4500000000000002,2.38,503808,215688,0.005672931671142578,9.860139846801758,0.9864102602005005
124,-2.0,2.25,507904,217399,0.06096766144037247,9.8125,0.9869829416275024
125,-1.6,2.33,512000,219136,-0.08206543326377869,9.929078102111816,1.1032673120498657
126,-1.2,2.31,516096,220864,-0.14468106627464294,9.785714149475098,1.0326945781707764
127,-1.5499999999999998,2.4299999999999997,520192,222602,0.01849530078470707,9.933333396911621,0.9982515573501587
128,-1.6,2.21,524288,224387,-0.09752579033374786,9.790209770202637,1.1088383197784424
129,-1.7999999999999998,2.3600000000000003,528384,226182,-0.11380035430192947,9.813664436340332,1.0242247581481934
130,-1.75,2.18,532480,228013,-0.03856870159506798,9.873417854309082,1.102858304977417
131,-1.6,2.35,536576,229753,-0.13438299298286438,9.867549896240234,0.9816217422485352
132,-2.0,2.0700000000000003,540672,231578,-0.04762953519821167,10.0,1.0282363891601562
133,-1.65,2.23,544768,233349,-0.08691491931676865,9.867549896240234,1.0826023817062378
134,-1.85,2.12,548864,235182,0.019911298528313637,9.933333396911621,1.0818793773651123
135,-1.65,2.5,552960,236923,-0.1605040729045868,9.938650131225586,1.0345208644866943
136,-1.6,2.59,557056,238633,-0.035553012043237686,9.931034088134766,1.0762587785720825
137,-1.7999999999999998,2.49,561152,240377,-0.16791997849941254,9.797297477722168,1.015903115272522
138,-1.4,2.61,565248,242080,0.004693855997174978,9.874214172363281,1.0313985347747803
139,-1.7999999999999998,2.37,569344,243776,-0.07028812915086746,9.693251609802246,1.0176520347595215
140,-1.1,2.8200000000000003,573440,245444,0.032397836446762085,9.932432174682617,1.0648949146270752
141,-1.4,2.5700000000000003,577536,247063,0.026112882420420647,10.0,1.0123491287231445
142,-1.45,2.4,581632,248719,-0.211591437458992,9.930069923400879,1.03793203830719
143,-1.8,2.4,585728,250459,-0.10628018528223038,9.932886123657227,1.008643627166748
144,-1.35,2.4299999999999997,589824,252227,-0.10391127318143845,9.806451797485352,1.1021920442581177
145,-1.9,2.24,593920,253977,-0.14737844467163086,9.794520378112793,1.1107831001281738
146,-1.3,2.5300000000000002,598016,255615,-0.14851517975330353,9.862069129943848,1.0521581172943115
147,-1.25,2.45,602112,257293,0.025026995688676834,9.934210777282715,1.052945852279663
148,-1.1,2.67,606208,258966,0.02221018075942993,9.866666793823242,1.0728453397750854
149,-1.45,2.42,610304,260685,-0.04551423341035843,9.868420600891113,1.0523788928985596
150,-1.3,2.42,614400,262419,-0.18174420297145844,9.807692527770996,1.088672399520874
151,-1.05,2.46,618496,264114,-0.09490908682346344,9.523809432983398,1.0371719598770142
152,-1.4500000000000002,2.54,622592,265820,-0.2137560397386551,10.0,1.0668535232543945
153,-1.35,2.21,626688,267561,-0.23838427662849426,9.85401439666748,1.0611581802368164
154,-1.7,2.52,630784,269262,-0.0755947008728981,9.935897827148438,1.1242334842681885
155,-1.65,2.22,634880,270965,-0.02476576529443264,9.935483932495117,1.0434966087341309
156,-1.35,2.5300000000000002,638976,272597,-0.027948850765824318,10.0,1.0958901643753052
157,-1.6,2.42,643072,274226,0.04708465561270714,9.87804889678955,1.0651882886886597
158,-2.15,2.33,647168,275856,0.05536063015460968,9.93055534362793,1.101470947265625
159,-1.6,2.12,651264,277532,-0.2685483694076538,10.0,1.0313578844070435
160,-1.25,2.48,655360,279197,-0.042161889374256134,10.0,1.1033800840377808
161,-1.0,2.29,659456,280757,-0.054344549775123596,9.933774948120117,1.0979281663894653
162,-1.35,2.7,663552,282331,0.023420989513397217,9.806451797485352,1.0217361450195312
163,-1.6,2.25,667648,283925,-0.31878963112831116,9.805194854736328,1.0497936010360718
164,-1.65,2.3099999999999996,671744,285551,-0.17201976478099823,10.0,1.082359790802002
165,-1.5,2.65,675840,287116,0.00939208548516035,9.931507110595703,1.1127015352249146
166,-1.4,2.55,679936,288716,0.02649536542594433,9.932432174682617,1.0708589553833008
167,-1.35,2.44,684032,290335,-0.2965697944164276,9.873417854309082,1.0639861822128296
168,-0.95,2.59,688128,291882,-0.14349867403507233,10.0,1.004929780960083
169,-1.75,2.29,692224,293566,-0.014049523510038853,9.856115341186523,1.1064666509628296
170,-1.2999999999999998,2.54,696320,295202,-0.07016446441411972,9.93710708618164,1.056957721710205
171,-2.0,2.45,700416,296927,-0.049203697592020035,9.926470756530762,1.1362987756729126
172,-1.6,2.48,704512,298524,-0.03581942617893219,10.0,1.0465489625930786
173,-1.15,2.6500000000000004,708608,300260,-0.056850969791412354,10.0,1.0576485395431519
174,-1.2000000000000002,2.56,712704,301936,-0.1155819371342659,10.0,1.073421835899353
175,-1.45,2.45,716800,303540,-0.039916425943374634,9.934210777282715,1.0466101169586182
176,-1.35,2.5,720896,305131,-0.16218677163124084,10.0,1.0932971239089966
177,-1.4500000000000002,2.7,724992,306731,0.046602215617895126,9.87804889678955,1.0732961893081665
178,-1.65,2.36,729088,308334,0.0247942004352808,9.935897827148438,1.099558711051941
179,-1.85,2.2,733184,309992,0.011058924719691277,10.0,1.1015740633010864
180,-1.4500000000000002,2.34,737280,311614,0.021277111023664474,9.934210777282715,1.0870078802108765
181,-0.9500000000000001,3.01,741376,313233,-0.01591607555747032,9.683544158935547,1.0402735471725464
182,-1.9500000000000002,2.33,745472,314859,-0.19293634593486786,9.722222328186035,1.0735883712768555
183,-1.75,2.35,749568,316558,-0.1447203904390335,10.0,1.0240463018417358
184,-1.4,2.4699999999999998,753664,318249,-0.13083167374134064,10.0,1.0587533712387085
185,-1.7,2.55,757760,319909,-0.08070199936628342,9.756097793579102,1.0472947359085083
186,-1.7,2.2199999999999998,761856,321595,-0.15862706303596497,10.0,1.0723507404327393
187,-1.55,2.55,765952,323328,-0.12677977979183197,9.689440727233887,1.1393227577209473
188,-1.4,2.58,770048,325015,-0.19509728252887726,9.803921699523926,1.091194748878479
189,-1.5,2.51,774144,326709,-0.07881230115890503,9.932886123657227,1.1101893186569214
190,-1.4500000000000002,2.67,778240,328324,-0.01855502836406231,9.940828323364258,1.107397437095642
191,-1.35,2.54,782336,329930,-0.2182721197605133,9.75,1.0433591604232788
192,-1.6,2.4,786432,331548,-0.11390482634305954,9.93197250366211,1.0395351648330688
193,-1.2999999999999998,2.5,790528,333183,-0.1179051324725151,9.848484992980957,1.0631898641586304
194,-1.35,2.45,794624,334869,-0.033946603536605835,10.0,1.0787042379379272
195,-1.7,2.1900000000000004,798720,336529,-0.20426738262176514,9.933774948120117,0.9588891863822937
196,-1.6,2.45,802816,338163,-0.043405912816524506,9.802631378173828,1.0630370378494263
197,-1.7999999999999998,2.24,806912,339819,0.024780739098787308,10.0,1.0971612930297852
198,-1.6,2.46,811008,341501,-0.1280769556760788,9.806451797485352,0.9715954065322876
199,-1.5,2.38,815104,343208,-0.002383928280323744,9.866666793823242,1.0721324682235718
200,-1.5,2.6399999999999997,819200,344865,-0.12654443085193634,9.933333396911621,0.970145583152771
201,-1.5,2.5700000000000003,823296,346616,-0.10366708785295486,10.0,1.0108201503753662
202,-1.4,2.52,827392,348296,0.0010507216211408377,9.934640884399414,1.0250266790390015
203,-1.55,2.3899999999999997,831488,349971,-0.02734731324017048,9.807692527770996,1.019555687904358
204,-1.75,2.3600000000000003,835584,351766,-0.03535931184887886,10.0,1.0449200868606567
205,-1.3,2.41,839680,353467,-0.10463812947273254,9.794520378112793,1.0623935461044312
206,-2.0,2.25,843776,355218,-0.08143945038318634,9.935483932495117,0.9799827337265015
207,-1.95,2.3,847872,357007,-0.18642133474349976,9.740260124206543,0.999356746673584
208,-1.7000000000000002,2.51,851968,358701,-0.01894565112888813,9.869280815124512,1.0240572690963745
209,-1.95,2.1100000000000003,856064,360440,-0.25777027010917664,9.872611045837402,1.0027518272399902
210,-1.6,2.46,860160,362174,-0.3351910710334778,9.726027488708496,1.052714467048645
211,-1.5499999999999998,2.5300000000000002,864256,363761,-0.06104256585240364,9.933774948120117,1.0433119535446167
212,-1.7,2.4299999999999997,868352,365414,-0.19761548936367035,9.93630599975586,1.030847191810608
213,-1.5,2.46,872448,367024,0.11578017473220825,9.863945960998535,1.05582594871521
214,-1.6,2.52,876544,368595,0.10947002470493317,10.0,1.0649223327636719
215,-1.5499999999999998,2.6100000000000003,880640,370203,0.033682551234960556,9.873417854309082,0.9951048493385315
216,-1.4,2.51,884736,371813,0.03552372381091118,9.86486530303955,1.079606056213379
217,-1.75,2.3899999999999997,888832,373468,-0.17943882942199707,9.869280815124512,1.0711758136749268
218,-1.0,3.04,892928,375076,-0.1559593379497528,9.629630088806152,1.0579794645309448
219,-1.05,2.49,897024,376714,0.040649816393852234,9.740260124206543,0.9870584607124329
220,-1.6,2.59,901120,378359,-0.043025046586990356,9.931034088134766,1.0345840454101562
221,-1.5499999999999998,2.4299999999999997,905216,380017,-0.005868567153811455,9.927007675170898,1.0236828327178955
222,-1.5,2.35,909312,381688,-0.028425762429833412,10.0,0.9878025054931641
223,-1.7,2.45,913408,383366,-0.039903394877910614,9.935897827148438,1.039817214012146
224,-1.6,2.2800000000000002,917504,385082,0.0022697793319821358,10.0,0.9942300915718079
225,-1.7000000000000002,2.59,921600,386753,-0.1350773125886917,10.0,1.0306731462478638
226,-1.7000000000000002,2.42,925696,388446,-0.18303191661834717,10.0,0.9947608113288879
227,-1.5,2.42,929792,390116,-0.10650608688592911,9.935483932495117,0.9860541820526123
228,-1.8,2.26,933888,391799,0.07626470923423767,9.878787994384766,0.9702706336975098
229,-1.9500000000000002,2.15,937984,393517,0.032789550721645355,9.8125,0.9556890726089478
230,-1.8,2.31,942080,395257,0.03803262487053871,9.862069129943848,1.0712180137634277
231,-1.8,2.3499999999999996,946176,396989,-0.21241000294685364,9.819276809692383,0.9667665362358093
232,-1.9,2.42,950272,398666,-0.08712263405323029,9.93630599975586,1.0412122011184692
233,-1.8,2.31,954368,400348,-0.17482201755046844,9.86301326751709,1.0977256298065186
234,-1.45,2.3,958464,402015,-0.08799665421247482,9.872611045837402,1.0109392404556274
235,-1.35,2.6500000000000004,962560,403664,-0.07114679366350174,10.0,1.0147579908370972
236,-1.75,2.21,966656,405360,-0.2850376069545746,9.934210777282715,1.0737303495407104
237,-1.9,2.29,970752,407105,-0.10317569971084595,10.0,1.0685553550720215
238,-1.7000000000000002,2.2199999999999998,974848,408839,-0.10697834938764572,9.866666793823242,0.9549979567527771
239,-1.35,2.46,978944,410544,-0.06725185364484787,9.452054977416992,1.0240435600280762
240,-1.55,2.12,983040,412285,-0.08329769223928452,9.933333396911621,1.028576135635376
241,-1.35,2.42,987136,414040,-0.36444151401519775,9.9375,1.003647804260254
242,-1.9500000000000002,2.27,991232,415816,-0.10051306337118149,10.0,1.0065091848373413
243,-1.7,2.5300000000000002,995328,417588,0.031409237533807755,9.929078102111816,1.0902043581008911
244,-1.3,2.35,999424,419396,-0.1305486410856247,9.930069923400879,1.0523020029067993
245,-1.65,2.27,1003520,421209,-0.10204900056123734,9.939759254455566,0.9660165905952454
246,-1.35,2.45,1007616,423067,-0.033776409924030304,10.0,0.9893916249275208
247,-1.65,2.4,1011712,424901,-0.10872888565063477,10.0,1.01896071434021
248,-1.65,2.21,1015808,426770,-0.025728747248649597,9.857142448425293,0.9907650351524353
249,-1.75,1.97,1019904,428656,-0.18500849604606628,10.0,1.057763934135437
250,-1.6,2.12,1024000,430510,-0.11562751978635788,9.810126304626465,1.0228772163391113
251,-1.9500000000000002,2.2,1028096,432380,-0.07206648588180542,9.928571701049805,0.9697249531745911
252,-1.95,2.08,1032192,434288,-0.06987057626247406,9.921875,1.1064130067825317
253,-2.05,2.2,1036288,436054,-0.07305429875850677,10.0,1.065505027770996
254,-1.5,2.46,1040384,437764,-0.3130650520324707,10.0,1.069848895072937
255,-1.7999999999999998,2.33,1044480,439502,-0.054796554148197174,9.93630599975586,0.9920454025268555
256,-1.6,2.39,1048576,441187,-0.17691829800605774,9.934640884399414,1.0063698291778564
257,-2.0,2.24,1052672,442848,-0.14358825981616974,9.868420600891113,1.0579705238342285
258,-1.5,2.59,1056768,444550,-0.11441368609666824,9.939393997192383,0.9961841702461243
259,-1.6,2.3899999999999997,1060864,446175,0.10752709209918976,10.0,1.0428065061569214
260,-1.45,2.4299999999999997,1064960,447762,-0.056941136717796326,10.0,1.0738099813461304
261,-1.4,2.76,1069056,449386,0.037091437727212906,10.0,1.107826590538025
262,-1.1,2.67,1073152,451044,-0.1892184168100357,9.935483932495117,1.0754295587539673
263,-1.3,2.46,1077248,452684,-0.06362098455429077,9.75155258178711,1.1020408868789673
264,-1.6,2.59,1081344,454224,0.006880733650177717,9.629630088806152,1.1321516036987305
265,-1.5,2.59,1085440,455845,-0.0751497820019722,9.933333396911621,0.9793258905410767
266,-1.7,2.61,1089536,457455,0.12338625639677048,9.934210777282715,1.033063530921936
267,-1.5,2.66,1093632,459128,-0.2161773443222046,10.0,1.0587016344070435
268,-1.5499999999999998,2.42,1097728,460741,-0.12437383830547333,9.929577827453613,1.0285749435424805
269,-1.9500000000000002,2.1900000000000004,1101824,462473,-0.06111766770482063,9.871794700622559,1.1501210927963257
270,-1.5,2.3899999999999997,1105920,464188,-0.043645378202199936,10.0,1.0303999185562134
271,-1.8,2.41,1110016,465918,-0.04943809285759926,10.0,1.0733369588851929
272,-2.25,2.13,1114112,467662,0.013947628438472748,9.662161827087402,1.0906940698623657
273,-1.5,2.3099999999999996,1118208,469397,0.026108598336577415,9.712230682373047,0.9879647493362427
274,-1.95,2.3,1122304,471164,0.02744682878255844,9.928057670593262,1.0206427574157715
275,-1.85,2.24,1126400,472882,-0.08264673501253128,9.857142448425293,1.0372798442840576
276,-2.0,2.34,1130496,474707,-0.0612911693751812,10.0,1.0644956827163696
277,-1.95,2.13,1134592,476458,-0.1858549267053604,9.86301326751709,1.0091584920883179
278,-2.1,2.29,1138688,478210,-0.05389529466629028,9.850746154785156,1.06631338596344
279,-2.0,2.33,1142784,479960,-0.14001332223415375,10.0,1.0086442232131958
280,-2.2,2.1799999999999997,1146880,481673,-0.12583684921264648,10.0,1.0241566896438599
281,-1.9500000000000002,2.33,1150976,483425,-0.067771777510643,9.795918464660645,1.0352602005004883
282,-1.6500000000000001,2.59,1155072,485164,-0.010588453151285648,9.66887378692627,0.9972203969955444
283,-1.7,2.59,1159168,486936,-0.19633817672729492,10.0,1.007818579673767
284,-1.6,2.46,1163264,488685,-0.15955007076263428,9.733333587646484,0.9834620356559753
285,-1.65,2.46,1167360,490384,0.0796131119132042,9.807692527770996,1.017748475074768
286,-2.05,2.13,1171456,492136,0.04322711378335953,9.927007675170898,1.0140013694763184
287,-1.9,2.19,1175552,493856,-0.10662811249494553,9.865772247314453,1.0068788528442383
288,-1.85,2.26,1179648,495647,0.05500217527151108,10.0,0.9940220713615417
289,-2.3499999999999996,2.16,1183744,497456,-0.04714253917336464,9.935483932495117,0.9942404627799988
290,-1.75,2.34,1187840,499188,-0.09736919403076172,10.0,1.003306269645691
291,-1.7000000000000002,2.6799999999999997,1191936,500797,0.18018676340579987,9.877300262451172,1.0504941940307617
292,-1.9,2.5300000000000002,1196032,502473,0.052079759538173676,9.8125,0.921907901763916
293,-1.5,2.62,1200128,504157,-0.06246235594153404,9.736842155456543,1.0485954284667969
294,-1.5,2.45,1204224,505837,-0.010014372877776623,10.0,1.0113561153411865
295,-1.65,2.38,1208320,507528,-0.05101967602968216,9.873417854309082,1.0241248607635498
296,-2.0,2.67,1212416,509229,-0.08730802685022354,9.858156204223633,1.078797459602356
297,-1.4500000000000002,2.4299999999999997,1216512,510946,-0.09027186781167984,9.794520378112793,1.0211782455444336
298,-2.05,2.08,1220608,512636,0.029341744258999825,9.818181991577148,1.0556409358978271
299,-1.85,2.24,1224704,514349,-0.14925850927829742,9.931034088134766,1.0763204097747803
300,-1.55,2.64,1228800,515981,-0.15505138039588928,9.869280815124512,0.9849985241889954
301,-2.15,2.27,1232896,517627,-0.16713473200798035,9.93197250366211,1.0742976665496826
302,-1.7,2.3200000000000003,1236992,519284,-0.1386858969926834,10.0,1.0752780437469482
303,-2.05,2.55,1241088,520943,-0.2741098999977112,9.9375,1.0654093027114868
304,-1.9000000000000001,2.49,1245184,522561,-0.13511183857917786,9.935065269470215,1.0701355934143066
305,-1.5,2.79,1249280,524183,-0.2103508859872818,9.875776290893555,0.9443592429161072
306,-2.05,2.18,1253376,525773,-0.0497666671872139,9.869280815124512,0.9690476059913635
307,-1.8,2.42,1257472,527440,-0.05762437358498573,9.86301326751709,1.0664304494857788
308,-1.9500000000000002,2.42,1261568,529069,-0.1138724535703659,10.0,1.0340697765350342
309,-2.0999999999999996,2.34,1265664,530766,0.042783476412296295,9.533333778381348,1.06142258644104
310,-1.75,2.5700000000000003,1269760,532460,-0.23751837015151978,9.862069129943848,1.0090816020965576
311,-1.45,2.94,1273856,534173,-0.1396583467721939,9.811320304870605,0.9893306493759155
312,-1.9,2.3499999999999996,1277952,535964,-0.37126901745796204,9.857142448425293,0.9691597819328308
313,-1.55,2.26,1282048,537704,-0.11571594327688217,9.75308609008789,1.087012767791748
314,-1.7999999999999998,2.65,1286144,539405,-0.07032809406518936,9.849623680114746,1.0764172077178955
315,-1.4,2.48,1290240,541083,0.02433687448501587,10.0,1.0179309844970703
316,-1.65,2.23,1294336,542821,-0.08246739953756332,9.863945960998535,1.069279670715332
317,-2.0,2.56,1298432,544512,-0.0882900059223175,9.941176414489746,1.0746173858642578
318,-1.6,2.5999999999999996,1302528,546300,-0.13948367536067963,9.934640884399414,1.089127540588379
319,-2.05,2.15,1306624,548018,0.006838943809270859,9.933774948120117,1.1210359334945679
320,-2.3,2.0700000000000003,1310720,549806,-0.09402862936258316,9.871794700622559,1.0836964845657349
321,-2.1,2.2199999999999998,1314816,551504,0.1508205533027649,10.0,1.0303704738616943
322,-2.2,2.1100000000000003,1318912,553289,-0.07714162021875381,9.862069129943848,1.005220651626587
323,-1.6,2.3200000000000003,1323008,555047,-0.0180545374751091,9.934640884399414,1.0906208753585815
324,-1.85,2.41,1327104,556763,0.008770184591412544,10.0,1.0942836999893188
325,-1.8,2.44,1331200,558485,-0.1357453614473343,9.870967864990234,1.0687013864517212
326,-2.0,2.33,1335296,560172,0.013828882947564125,10.0,1.0819772481918335
327,-1.8,2.39,1339392,561896,-0.18074937164783478,9.811320304870605,1.1290525197982788
328,-2.2,1.9700000000000002,1343488,563569,-0.17360003292560577,9.871794700622559,1.0582523345947266
329,-2.2,2.06,1347584,565278,-0.03677484393119812,9.788732528686523,1.0802091360092163
330,-1.9500000000000002,2.36,1351680,566988,-0.10377286374568939,9.875,1.1168625354766846
331,-1.6,2.52,1355776,568669,-0.192269966006279,9.819276809692383,1.0721638202667236
332,-1.4,2.91,1359872,570324,-0.11477585136890411,9.932432174682617,1.0916216373443604
333,-1.55,2.9299999999999997,1363968,571937,-0.02877318114042282,9.936708450317383,1.1310019493103027
334,-1.45,2.46,1368064,573556,0.05818098783493042,9.823529243469238,1.1261025667190552
335,-1.9500000000000002,2.5,1372160,575134,-0.10378885269165039,9.808917045593262,1.1230477094650269
336,-2.1,2.31,1376256,576794,-0.24158181250095367,9.93630599975586,1.111340045928955
337,-1.9,2.19,1380352,578460,-0.06889767199754715,9.929577827453613,1.1268904209136963
338,-1.7000000000000002,2.6,1384448,579921,-0.039030954241752625,9.802631378173828,1.1084026098251343
339,-1.45,2.87,1388544,581458,-0.06475958973169327,9.868420600891113,1.099755883216858
340,-1.1,3.24,1392640,582943,-0.024718863889575005,9.746835708618164,1.1024839878082275
341,-1.35,2.55,1396736,584381,-0.11957651376724243,9.869280815124512,1.0739846229553223
342,-1.4500000000000002,2.86,1400832,585880,0.013557814061641693,9.936708450317383,1.1183322668075562
343,-1.6,2.8600000000000003,1404928,587362,-0.150103360414505,9.75460147857666,1.047542929649353
344,-1.35,3.23,1409024,588823,-0.24753671884536743,9.808917045593262,1.0718063116073608
345,-1.9,2.71,1413120,590222,-0.16806660592556,9.940119743347168,0.9382619261741638
346,-1.9,2.7,1417216,591650,-0.13833759725093842,10.0,1.0799084901809692
347,-1.35,2.55,1421312,593117,-0.005590445827692747,9.879518508911133,1.1481778621673584
348,-1.75,2.5,1425408,594565,-0.014180525206029415,9.797297477722168,1.0419214963912964
349,-1.55,2.7,1429504,596103,-0.03271995112299919,9.937888145446777,1.1024869680404663
350,-1.5,2.81,1433600,597614,-0.01152090821415186,9.871794700622559,1.1203155517578125
351,-1.15,3.17,1437696,599139,0.0013719244161620736,9.939023971557617,1.1295697689056396
352,-1.45,3.01,1441792,600559,-0.15406771004199982,9.877300262451172,1.0856404304504395
353,-2.0,2.3200000000000003,1445888,601984,-0.139723539352417,9.9375,1.0803264379501343
354,-1.5499999999999998,2.83,1449984,603432,-0.0707913413643837,9.831460952758789,1.1597917079925537
355,-1.85,2.76,1454080,604990,-0.05937989056110382,9.934210777282715,1.1619296073913574
356,-2.4,2.39,1458176,606507,-0.13193093240261078,9.879518508911133,1.1232643127441406
357,-1.6,2.8899999999999997,1462272,608001,-0.026998255401849747,10.0,1.0683984756469727
358,-1.85,2.38,1466368,609563,-0.05581209436058998,9.939393997192383,1.1106765270233154
359,-1.75,2.51,1470464,611083,-0.046464838087558746,9.75460147857666,1.0366175174713135
360,-1.9500000000000002,2.49,1474560,612625,-0.11457489430904388,9.939023971557617,1.1588537693023682
361,-1.6,2.84,1478656,614100,-0.08475980907678604,9.68152904510498,1.1062824726104736
362,-2.0,2.63,1482752,615607,-0.013936923816800117,9.878787994384766,1.1197682619094849
363,-1.8,2.57,1486848,617032,-0.1833745390176773,9.93710708618164,1.0929443836212158
364,-1.55,2.8,1490944,618492,-0.14901703596115112,9.813664436340332,1.0762237310409546
365,-1.65,2.5300000000000002,1495040,620022,-0.02261803299188614,9.870967864990234,1.14420485496521
366,-1.8,2.35,1499136,621532,-0.15020129084587097,9.738561630249023,1.1209629774093628
367,-2.0999999999999996,2.48,1503232,622998,-0.007241834886372089,9.943502426147461,1.1010876893997192
368,-1.75,2.29,1507328,624539,-0.15624688565731049,9.879518508911133,1.130916714668274
369,-1.4500000000000002,3.5199999999999996,1511424,625999,0.003987018018960953,10.0,1.0565028190612793
370,-2.1500000000000004,2.6399999999999997,1515520,627518,-0.19577248394489288,9.874214172363281,1.090874195098877
371,-1.6,2.58,1519616,629076,0.04133005067706108,9.939759254455566,1.1257137060165405
372,-1.5,2.84,1523712,630510,0.11132190376520157,9.790209770202637,1.0957107543945312
373,-1.85,2.66,1527808,631925,-0.25079283118247986,9.814814567565918,1.060492992401123
374,-1.7000000000000002,3.34,1531904,633422,-0.08121015876531601,9.802631378173828,1.05009925365448
375,-1.6,2.9299999999999997,1536000,634854,-0.09017977863550186,9.814814567565918,1.0757842063903809
376,-2.0,2.51,1540096,636398,0.02738470397889614,9.940119743347168,1.0909197330474854
377,-1.95,2.67,1544192,637875,-0.04609747231006622,10.0,1.0159701108932495
378,-1.95,3.08,1548288,639310,0.053947318345308304,9.70059871673584,1.0493086576461792
379,-2.1,2.39,1552384,640803,-0.13333342969417572,10.0,1.0891846418380737
380,-1.9,2.65,1556480,642287,-0.12502938508987427,9.831460952758789,1.0262024402618408
381,-2.0,2.3899999999999997,1560576,643838,0.019897770136594772,9.935065269470215,0.9960622191429138
382,-1.85,3.05,1564672,645249,-0.04743511974811554,10.0,0.9958100914955139
383,-2.2,2.3899999999999997,1568768,646808,-0.1397617757320404,10.0,1.0875798463821411
384,-2.0,2.3200000000000003,1572864,648386,-0.09385267645120621,10.0,1.0816961526870728
385,-2.0,2.38,1576960,650002,-0.24336010217666626,9.935065269470215,1.0545190572738647
386,-2.0,2.54,1581056,651518,-0.061902083456516266,9.934210777282715,1.023736596107483
387,-1.7999999999999998,2.81,1585152,653047,-0.10681503266096115,9.941176414489746,0.994441568851471
388,-2.0,2.24,1589248,654625,-0.07296247035264969,9.870967864990234,1.0069613456726074
389,-1.85,2.35,1593344,656318,-0.08806568384170532,9.726027488708496,1.0091910362243652
390,-2.2,2.59,1597440,657957,-0.10003434866666794,9.868420600891113,0.9810896515846252
391,-2.1500000000000004,2.27,1601536,659630,-0.07373577356338501,9.93630599975586,0.9798490405082703
392,-2.35,2.1,1605632,661340,0.1132243424654007,9.936708450317383,1.1043694019317627
393,-1.85,2.52,1609728,663103,-0.13639172911643982,9.782608985900879,0.9859938621520996
394,-2.8,2.31,1613824,664842,-0.10886228829622269,9.869280815124512,0.9217899441719055
395,-1.85,2.54,1617920,666542,-0.1018262580037117,10.0,0.9909540414810181
396,-2.2,2.52,1622016,668262,-0.09204931557178497,9.9375,0.9470854997634888
397,-2.25,2.4699999999999998,1626112,670002,-0.16505493223667145,10.0,1.0511313676834106
398,-2.35,2.59,1630208,671723,0.01174431387335062,9.698795318603516,0.9535595774650574
399,-2.3499999999999996,2.3,1634304,673406,0.07903449237346649,9.785714149475098,0.994931697845459
400,-1.95,2.2800000000000002,1638400,675094,-0.12762436270713806,10.0,0.9816009402275085
401,-1.75,2.87,1642496,676757,-0.1754961609840393,9.386503219604492,0.9209617376327515
402,-2.5,2.12,1646592,678475,-0.10803750902414322,9.870967864990234,1.019672155380249
403,-2.05,2.3899999999999997,1650688,680117,-0.005195989273488522,10.0,0.9964630007743835
404,-2.35,2.09,1654784,681857,-0.09416593611240387,9.644969940185547,0.9976328015327454
405,-1.6,2.98,1658880,683533,-0.09759994596242905,9.939393997192383,1.0349327325820923
406,-2.6,2.27,1662976,685260,0.06878935545682907,9.934640884399414,0.9717365503311157
407,-2.45,2.19,1667072,686982,-0.1391487419605255,9.875,1.0170466899871826
408,-2.35,2.38,1671168,688745,-0.05715877190232277,10.0,1.0111467838287354
409,-2.05,2.35,1675264,690484,-0.09139059484004974,9.75460147857666,1.0290330648422241
410,-2.4,2.54,1679360,692201,0.04601902887225151,9.937888145446777,1.0564484596252441
411,-2.4,2.3899999999999997,1683456,693935,0.0753512755036354,9.935065269470215,0.974967360496521
412,-2.55,2.31,1687552,695647,0.011197109706699848,9.931507110595703,0.9766979217529297
413,-2.1,2.5300000000000002,1691648,697437,-0.06319383531808853,10.0,1.0157849788665771
414,-2.4,2.14,1695744,699188,-0.03402094542980194,9.935065269470215,0.9545323848724365
415,-2.35,2.12,1699840,700920,0.06848469376564026,9.865772247314453,1.0445142984390259
416,-2.35,2.3899999999999997,1703936,702620,-0.17608290910720825,9.870967864990234,0.9924489855766296
417,-2.6500000000000004,2.34,1708032,704453,-0.05932262912392616,9.870967864990234,0.9786443114280701
418,-2.3,2.1,1712128,706231,-0.1195344626903534,10.0,1.04066801071167
419,-2.5,2.1100000000000003,1716224,707997,0.05632355809211731,9.803921699523926,1.0277279615402222
420,-2.5,1.94,1720320,709709,-0.10249526798725128,9.933774948120117,1.0202248096466064
421,-2.05,2.44,1724416,711439,0.00906970351934433,10.0,1.0309369564056396
422,-2.2,2.19,1728512,713184,-0.23965440690517426,10.0,0.9910792112350464
423,-2.15,2.5,1732608,714872,-0.16239632666110992,9.872611045837402,1.0727181434631348
424,-2.15,2.33,1736704,716526,-0.1311645209789276,10.0,1.0013995170593262
425,-2.0,2.37,1740800,718185,-0.06048152968287468,9.938650131225586,1.0468010902404785
426,-1.9,2.8,1744896,719893,0.06558690220117569,9.936708450317383,1.0785776376724243
427,-2.2,2.58,1748992,721407,-0.13952851295471191,10.0,1.0763310194015503
428,-2.0,2.62,1753088,722968,-0.13281185925006866,9.828571319580078,1.0332316160202026
429,-1.9,2.46,1757184,724506,-0.03633961081504822,10.0,1.026051640510559
430,-1.75,3.13,1761280,726089,-0.05203559994697571,9.933333396911621,1.1448882818222046
431,-1.9,2.54,1765376,727639,-0.2653278112411499,9.811320304870605,1.0748708248138428
432,-1.9,2.4,1769472,729230,0.09522219002246857,9.93055534362793,1.1128649711608887
433,-1.95,2.73,1773568,730703,-0.13922789692878723,9.810126304626465,1.0318183898925781
434,-1.6,2.95,1777664,732225,-0.0685853362083435,9.763313293457031,1.0246244668960571
435,-2.0,2.26,1781760,733812,-0.0795399621129036,9.740260124206543,1.036651611328125
436,-1.9500000000000002,2.41,1785856,735353,-0.01017623208463192,9.875,0.9984802007675171
437,-1.55,2.42,1789952,736917,-0.07803148031234741,9.867549896240234,1.0662603378295898
438,-1.75,2.65,1794048,738420,-0.18945452570915222,10.0,1.026768684387207
439,-1.5,3.14,1798144,739855,-0.23991802334785461,9.71264362335205,0.9444319605827332
440,-1.45,3.88,1802240,741269,-0.17229342460632324,9.757575988769531,1.0119271278381348
441,-1.9,3.0300000000000002,1806336,742797,0.01674104668200016,9.757575988769531,1.0530890226364136
442,-2.25,2.62,1810432,744336,-0.08809320628643036,9.795918464660645,1.0745983123779297
443,-1.7000000000000002,2.74,1814528,745878,-0.1244133785367012,9.772727012634277,1.0497709512710571
444,-2.25,2.6399999999999997,1818624,747384,-0.0047905887477099895,9.586206436157227,1.1007810831069946
445,-1.9000000000000001,2.29,1822720,748977,0.08178263157606125,9.801324844360352,1.076892375946045
446,-2.0999999999999996,2.37,1826816,750543,-0.12506256997585297,9.825581550598145,1.1263424158096313
447,-1.8,2.49,1830912,752125,-0.27464157342910767,9.724138259887695,1.087470293045044
448,-1.8,2.27,1835008,753696,0.087601438164711,9.868420600891113,0.9778797030448914
449,-1.7,3.0999999999999996,1839104,755211,-0.16233186423778534,9.73154354095459,1.038024663925171
450,-1.9500000000000002,2.49,1843200,756808,0.0015197379980236292,9.932432174682617,1.0278568267822266
451,-1.75,2.73,1847296,758427,-0.23178844153881073,10.0,1.0550068616867065
452,-1.6,2.41,1851392,760040,0.11856076866388321,9.933333396911621,1.108260989189148
453,-1.85,2.5599999999999996,1855488,761532,-0.058554887771606445,10.0,1.0046863555908203
454,-1.65,2.6399999999999997,1859584,763112,-0.0767546147108078,9.863945960998535,1.0471484661102295
455,-1.75,2.9699999999999998,1863680,764572,-0.0166387390345335,10.0,0.9650808572769165
456,-2.0,2.7800000000000002,1867776,766077,-0.23234032094478607,9.932432174682617,1.0230379104614258
457,-1.5499999999999998,2.85,1871872,767582,-0.026839349418878555,9.88505744934082,1.124941110610962
458,-1.75,2.84,1875968,769081,-0.034717582166194916,9.937888145446777,1.079066514968872
459,-1.9,3.01,1880064,770549,-0.13475076854228973,9.808917045593262,1.1106501817703247
460,-1.65,2.84,1884160,771981,-0.07104536145925522,9.932886123657227,1.0744683742523193
461,-1.6,3.18,1888256,773409,-0.09974630922079086,9.757575988769531,1.0160191059112549
462,-1.55,2.76,1892352,774929,-0.06995498389005661,9.939759254455566,1.090993046760559
463,-1.85,2.79,1896448,776363,0.005291920155286789,9.671052932739258,1.1223642826080322
464,-1.4500000000000002,2.77,1900544,777814,-0.05674957111477852,9.8125,1.0828510522842407
465,-1.45,2.84,1904640,779229,-0.09996657818555832,10.0,1.060636043548584
466,-1.55,3.0199999999999996,1908736,780611,-0.19374080002307892,9.828571319580078,1.1303883790969849
467,-0.8999999999999999,3.27,1912832,781965,-0.041087955236434937,9.865772247314453,1.090220332145691
468,-1.4,2.9699999999999998,1916928,783346,0.05366886034607887,9.870967864990234,1.1145453453063965
469,-1.4,2.46,1921024,784721,-0.11789025366306305,9.801324844360352,1.1063942909240723
470,-1.4,3.21,1925120,786067,-0.11481654644012451,10.0,1.1809628009796143
471,-1.15,3.19,1929216,787351,-0.13374722003936768,9.875776290893555,1.1469982862472534
472,-1.3,3.14,1933312,788605,-0.08170033991336823,9.880239486694336,1.1013336181640625
473,-1.55,2.83,1937408,789945,-0.1872267723083496,9.878787994384766,1.0500563383102417
474,-1.3,3.45,1941504,791296,-0.1831923872232437,9.75460147857666,1.0082789659500122
475,-1.2999999999999998,2.8200000000000003,1945600,792689,-0.06591766327619553,9.817072868347168,1.1164085865020752
476,-1.45,2.75,1949696,794037,-0.19663050770759583,9.871794700622559,1.0570688247680664
477,-1.65,2.5999999999999996,1953792,795395,-0.15461216866970062,9.940119743347168,1.1163270473480225
478,-1.35,3.19,1957888,796728,-0.034525658935308456,9.938650131225586,1.0516396760940552
479,-1.4,2.74,1961984,798115,0.024386970326304436,9.822484970092773,1.098239541053772
480,-1.7,2.88,1966080,799495,-0.08653649687767029,9.818181991577148,0.9909045696258545
481,-1.65,2.56,1970176,800905,-0.27902472019195557,9.802631378173828,1.088659405708313
482,-1.25,3.33,1974272,802297,-0.029811302199959755,9.874214172363281,1.0967050790786743
483,-1.5,3.23,1978368,803657,-0.15139372646808624,9.757575988769531,1.0898082256317139
484,-2.1,2.81,1982464,804962,-0.1017569825053215,9.828571319580078,1.0923957824707031
485,-1.1,3.2800000000000002,1986560,806327,-0.0021606427617371082,9.880952835083008,1.0703920125961304
486,-1.7,2.42,1990656,807791,-0.18210084736347198,9.610389709472656,1.0830539464950562
487,-1.5,2.94,1994752,809188,-0.012445097789168358,9.93630599975586,1.0864686965942383
488,-1.4,2.92,1998848,810549,-0.0694253072142601,9.834254264831543,1.041290044784546
489,-1.65,2.66,2002944,811959,-0.05438736081123352,9.935897827148438,1.103393316268921
490,-1.4,3.18,2007040,813336,-0.046957459300756454,9.878787994384766,1.0732717514038086
491,-1.2000000000000002,3.1799999999999997,2011136,814677,-0.09211663901805878,10.0,1.011366367340088
492,-1.5,2.96,2015232,816032,-0.06992720067501068,10.0,1.110798716545105
493,-1.6,2.5700000000000003,2019328,817390,-0.1550024151802063,9.763313293457031,1.1121305227279663
494,-1.4500000000000002,3.05,2023424,818658,-0.10005390644073486,9.689440727233887,0.9929261803627014
495,-1.4,3.13,2027520,819942,-0.14330704510211945,9.829545021057129,1.0508784055709839
496,-1.6,2.6399999999999997,2031616,821243,-0.04339877516031265,9.375,1.093239426612854
497,-1.7000000000000002,2.79,2035712,822561,-0.2021511048078537,9.810126304626465,1.0657627582550049
498,-1.4500000000000002,2.76,2039808,823926,-0.15387806296348572,9.9375,1.081094741821289
499,-1.6,2.84,2043904,825354,0.01798093132674694,9.75155258178711,1.0636532306671143
500,-1.25,3.12,2048000,826736,-0.031456515192985535,9.819276809692383,1.0727283954620361
501,-1.45,3.23,2052096,828119,0.06869393587112427,9.748427391052246,1.123033046722412
502,-1.95,2.4699999999999998,2056192,829560,0.004745883401483297,9.817072868347168,1.1259483098983765
503,-1.65,2.63,2060288,830986,-0.1528611034154892,9.791666984558105,1.0949937105178833
504,-1.2999999999999998,2.91,2064384,832426,-0.015854738652706146,9.512195587158203,1.0799390077590942
505,-1.55,2.8,2068480,833884,-0.14360861480236053,9.93710708618164,1.0828574895858765
506,-1.7,3.0700000000000003,2072576,835238,-0.14861758053302765,9.940119743347168,1.070691466331482
507,-1.35,3.19,2076672,836676,0.06021037697792053,9.9375,1.0770199298858643
508,-1.7999999999999998,2.85,2080768,838146,-0.025958867743611336,9.935897827148438,1.0623891353607178
509,-1.45,2.4299999999999997,2084864,839608,0.04292459785938263,9.874214172363281,1.0248409509658813
510,-1.35,2.9699999999999998,2088960,841067,-0.14811210334300995,9.88505744934082,1.0509933233261108
511,-1.5499999999999998,2.84,2093056,842580,0.05472884327173233,10.0,1.1360081434249878
512,-1.7000000000000002,2.56,2097152,844121,-0.08886027336120605,9.75,1.1005417108535767
513,-1.55,2.84,2101248,845622,-0.07557564973831177,9.6575345993042,1.0875459909439087
514,-1.5,2.64,2105344,847164,-0.0909053310751915,9.869280815124512,1.132346510887146
515,-1.75,2.45,2109440,848700,0.1282341033220291,9.875776290893555,1.092883586883545
516,-2.0,2.45,2113536,850300,0.0448630228638649,9.875,1.1530191898345947
517,-1.2,3.26,2117632,851789,-0.03921186923980713,9.810126304626465,1.117836833000183
518,-1.65,2.76,2121728,853306,-0.2419935017824173,9.933774948120117,1.094749927520752
519,-1.25,2.93,2125824,854851,-0.13484172523021698,9.782608985900879,1.135354995727539
520,-2.0,2.45,2129920,856388,-0.04245360568165779,9.740260124206543,1.0375012159347534
521,-1.2000000000000002,3.05,2134016,857901,0.0818813294172287,9.928571701049805,1.1120916604995728
522,-1.4500000000000002,3.08,2138112,859408,0.08897347748279572,9.738561630249023,1.098521113395691
523,-1.45,2.8200000000000003,2142208,861003,-0.13203899562358856,9.93197250366211,1.0491400957107544
524,-1.45,2.6,2146304,862545,-0.05191822350025177,9.75460147857666,0.9858314394950867
525,-1.9,2.4699999999999998,2150400,864136,-0.07102111726999283,9.931507110595703,1.0634944438934326
526,-1.75,2.49,2154496,865743,0.0007876172312535346,9.939023971557617,1.0843777656555176
527,-1.9,2.14,2158592,867410,-0.15096484124660492,9.935065269470215,0.9956605434417725
528,-2.25,2.34,2162688,869084,-0.07728742063045502,9.807692527770996,1.0530120134353638
529,-2.05,2.59,2166784,870669,-0.06703759729862213,9.868420600891113,1.073749303817749
530,-1.7,2.7199999999999998,2170880,872273,-0.08014506101608276,9.877300262451172,1.0573370456695557
531,-1.75,2.5599999999999996,2174976,873919,-0.27060094475746155,9.939023971557617,1.0822383165359497
532,-1.7999999999999998,2.52,2179072,875517,-0.12583211064338684,9.867549896240234,1.0678882598876953
533,-2.35,2.62,2183168,877125,-0.23275823891162872,9.863945960998535,1.1098353862762451
534,-1.65,2.69,2187264,878776,-0.12106440216302872,9.939393997192383,1.03021240234375
535,-1.8,2.75,2191360,880309,-0.17320723831653595,9.75460147857666,1.1318377256393433
536,-1.7,2.4400000000000004,2195456,881930,0.07381244003772736,9.940119743347168,1.130889892578125
537,-1.9500000000000002,2.46,2199552,883523,-0.10949927568435669,9.939759254455566,1.095963954925537
538,-1.9,2.49,2203648,885181,-0.02404395304620266,9.800000190734863,1.0376964807510376
539,-1.95,2.6,2207744,886840,-0.028990840539336205,9.793103218078613,1.0459749698638916
540,-1.8,2.42,2211840,888486,-0.07459792494773865,10.0,1.057461142539978
541,-1.65,2.5,2215936,890061,-0.112479068338871,9.938271522521973,1.0790269374847412
542,-1.4500000000000002,2.42,2220032,891671,-0.07783401757478714,9.810126304626465,1.011271357536316
543,-1.4500000000000002,2.88,2224128,893289,0.03387487307190895,9.862069129943848,1.1829280853271484
544,-1.5,2.6,2228224,894921,0.1717524379491806,9.791666984558105,1.0758283138275146
545,-1.65,2.52,2232320,896603,0.02132060006260872,10.0,1.1178278923034668
546,-1.75,2.41,2236416,898273,-0.29356738924980164,9.726027488708496,1.1371062994003296
547,-1.7000000000000002,2.58,2240512,899923,-0.15761877596378326,9.675324440002441,1.1091678142547607
548,-1.5,2.63,2244608,901594,0.22847935557365417,9.933333396911621,1.0627803802490234
549,-2.0,2.55,2248704,903199,-0.03282971680164337,9.939393997192383,1.054596185684204
550,-1.6,2.6399999999999997,2252800,904899,0.06170355901122093,9.939393997192383,1.070148229598999
551,-1.75,2.32,2256896,906590,-0.15197421610355377,9.936708450317383,1.039581537246704
552,-1.7999999999999998,2.95,2260992,908234,-0.10778011381626129,9.935897827148438,1.1043959856033325
553,-2.15,2.21,2265088,909893,-0.09089622646570206,9.795918464660645,1.0603581666946411
554,-1.75,2.54,2269184,911516,-0.2314768135547638,10.0,1.0644716024398804
555,-1.75,2.54,2273280,913062,-0.17208562791347504,10.0,1.0599392652511597
556,-1.75,2.55,2277376,914685,-0.19141973555088043,9.679487228393555,1.1157803535461426
557,-1.55,2.63,2281472,916290,-0.03770944103598595,9.866666793823242,1.1190844774246216
558,-1.4,2.77,2285568,917873,-0.10770393908023834,9.931034088134766,1.0449750423431396
559,-1.55,2.45,2289664,919527,-0.1106567531824112,9.677419662475586,1.0525994300842285
560,-1.55,2.5700000000000003,2293760,921075,-0.21978585422039032,9.801324844360352,1.022516131401062
561,-1.55,2.6399999999999997,2297856,922677,-0.04404886066913605,9.939023971557617,1.1164430379867554
562,-1.7,2.63,2301952,924250,0.07547884434461594,10.0,1.1157537698745728
563,-1.75,2.5599999999999996,2306048,925851,-0.02339029125869274,9.86111068725586,1.101802110671997
564,-1.65,2.59,2310144,927473,0.03873638063669205,9.8125,1.0889859199523926
565,-1.65,2.6900000000000004,2314240,929020,-0.01771356724202633,9.9375,1.0257829427719116
566,-1.85,2.45,2318336,930581,-0.13499364256858826,9.936708450317383,1.048746943473816
567,-1.75,2.5700000000000003,2322432,932146,-0.10364454239606857,9.689440727233887,1.0817357301712036
568,-1.5,2.58,2326528,933783,-0.06772688776254654,9.934210777282715,1.0928221940994263
569,-2.05,2.3899999999999997,2330624,935457,-0.08943843841552734,10.0,1.0230094194412231
570,-1.75,2.3200000000000003,2334720,937147,0.003733391873538494,10.0,1.1268552541732788
571,-1.45,2.8099999999999996,2338816,938774,-0.014795410446822643,9.760478973388672,1.1732617616653442
572,-1.5999999999999999,2.77,2342912,940322,-0.09823016822338104,9.763313293457031,1.0624603033065796
573,-1.4,2.6399999999999997,2347008,941876,-0.20376291871070862,9.873417854309082,1.1570470333099365
574,-1.55,2.39,2351104,943465,-0.23132988810539246,9.874214172363281,1.041756272315979
575,-1.75,2.69,2355200,945014,-0.0632157176733017,10.0,1.066933274269104
576,-1.45,2.65,2359296,946588,0.017177991569042206,10.0,1.0823450088500977
577,-1.75,2.59,2363392,948184,-0.1424863189458847,9.931034088134766,1.0554319620132446
578,-1.65,2.65,2367488,949743,0.10633091628551483,10.0,1.0736099481582642
579,-1.25,2.4,2371584,951398,0.1915721595287323,9.866666793823242,1.0865141153335571
580,-1.65,2.54,2375680,953001,-0.1796361654996872,9.806451797485352,1.073818325996399
581,-1.75,2.38,2379776,954621,-0.20083308219909668,9.931034088134766,1.101014494895935
582,-1.75,2.49,2383872,956200,-0.11834916472434998,9.866666793823242,1.1124924421310425
583,-2.0,2.5700000000000003,2387968,957773,0.004128975793719292,9.733333587646484,1.1145133972167969
584,-1.2,2.91,2392064,959273,-0.16742455959320068,9.870967864990234,1.115444540977478
585,-1.9000000000000001,2.66,2396160,960784,-0.1519128680229187,9.874214172363281,1.076507806777954
586,-1.5,2.66,2400256,962338,-0.061718590557575226,9.865772247314453,1.0910978317260742
587,-1.35,2.94,2404352,963851,-0.11426109820604324,10.0,1.041076421737671
588,-1.3,2.9699999999999998,2408448,965362,-0.3219354748725891,9.935065269470215,1.096740484237671
589,-1.5,2.48,2412544,966906,0.07940887659788132,10.0,1.054730772972107
590,-1.35,2.56,2416640,968503,-0.14288297295570374,9.868420600891113,1.1091729402542114
591,-1.65,3.41,2420736,970053,0.029427355155348778,9.874214172363281,1.0581974983215332
592,-1.5,2.54,2424832,971538,-0.2801935374736786,9.675324440002441,1.0292079448699951
593,-1.75,2.58,2428928,973052,-0.004131563473492861,9.865772247314453,1.0825905799865723
594,-1.9,2.5300000000000002,2433024,974566,0.005709226243197918,9.93710708618164,1.0813108682632446
595,-1.5,2.5,2437120,976157,0.026083003729581833,10.0,1.1224766969680786
596,-1.5,2.83,2441216,977714,-0.03535911440849304,9.880952835083008,1.0696004629135132
597,-1.7,2.31,2445312,979244,-0.0939098596572876,9.875776290893555,1.0885261297225952
598,-1.5,2.6,2449408,980874,0.0011911364272236824,9.82456111907959,1.1106561422348022
599,-1.4,2.58,2453504,982471,-0.02984834648668766,9.936708450317383,1.0751322507858276
600,-1.6,2.7,2457600,984037,-0.06417052447795868,9.873417854309082,1.0543471574783325
601,-1.85,2.3600000000000003,2461696,985675,-0.04689786210656166,9.867549896240234,1.0639994144439697
602,-1.65,2.25,2465792,987374,-0.06489598006010056,10.0,1.101576805114746
603,-2.05,2.52,2469888,988977,-0.0627341940999031,9.714285850524902,1.1167539358139038
604,-1.55,2.38,2473984,990568,-0.21330124139785767,9.811320304870605,1.1352477073669434
605,-1.3,2.91,2478080,992091,0.026687635108828545,10.0,1.1535158157348633
606,-1.85,2.44,2482176,993732,-0.001568869105540216,9.803921699523926,1.02110755443573
607,-1.65,2.48,2486272,995276,-0.17004068195819855,9.869280815124512,1.1085103750228882
608,-1.7,2.58,2490368,996829,-0.16496358811855316,9.881656646728516,1.1876394748687744
609,-1.8,2.65,2494464,998371,-0.11425121873617172,9.870967864990234,1.1722902059555054
610,-1.25,2.4699999999999998,2498560,999935,0.031226493418216705,9.740260124206543,1.1515467166900635
611,-1.5,2.63,2502656,1001442,-0.17200927436351776,9.938650131225586,1.1479383707046509
612,-1.2000000000000002,2.54,2506752,1002999,-0.022972607985138893,9.869280815124512,1.1200685501098633
613,-1.3,2.67,2510848,1004499,-0.08252669125795364,9.815951347351074,1.1108357906341553
614,-1.75,2.74,2514944,1005942,0.031599074602127075,10.0,1.0868433713912964
615,-1.5,2.6399999999999997,2519040,1007501,-0.1428457796573639,10.0,1.1658402681350708
616,-1.2,2.6399999999999997,2523136,1009012,0.00937845278531313,9.931507110595703,1.1427016258239746
617,-1.65,2.59,2527232,1010495,-0.1615469604730606,10.0,1.063778281211853
618,-1.5,2.56,2531328,1012004,0.007321665063500404,9.927536010742188,1.1366454362869263
619,-1.2000000000000002,2.83,2535424,1013447,-0.14012326300144196,9.938271522521973,1.07232666015625
620,-1.65,2.7,2539520,1014873,-0.0988796204328537,10.0,1.158119559288025
621,-1.3,2.71,2543616,1016303,-0.22428399324417114,9.805194854736328,1.1325539350509644
622,-1.6,2.7199999999999998,2547712,1017799,-0.2539432644844055,9.872611045837402,1.1245406866073608
623,-1.4500000000000002,2.9000000000000004,2551808,1019264,-0.20511552691459656,10.0,1.1005316972732544
624,-1.65,2.81,2555904,1020708,-0.03956812992691994,9.877300262451172,1.046979308128357
625,-1.35,2.81,2560000,1022176,0.06864812970161438,9.870129585266113,1.0866320133209229
626,-1.5,2.81,2564096,1023620,0.010798393748700619,9.802631378173828,1.0628561973571777
627,-1.5,2.6,2568192,1025094,-0.09179344773292542,9.8125,1.0709128379821777
628,-1.45,3.0300000000000002,2572288,1026626,-0.12285695225000381,9.931507110595703,1.0063384771347046
629,-1.85,3.01,2576384,1028106,-0.10498347878456116,10.0,1.0582380294799805
630,-1.4,2.7800000000000002,2580480,1029586,-0.11261365562677383,9.935897827148438,1.14067542552948
631,-1.85,2.3499999999999996,2584576,1031163,-0.07423527538776398,9.929078102111816,1.1394404172897339
632,-1.55,2.7,2588672,1032715,-0.005428685806691647,10.0,1.0892993211746216
633,-2.0,2.52,2592768,1034286,-0.25321173667907715,9.934640884399414,1.0886751413345337
634,-1.7999999999999998,2.5,2596864,1035893,-0.17397591471672058,9.807692527770996,1.1146737337112427
635,-1.8,2.6100000000000003,2600960,1037449,-0.12558019161224365,9.876543045043945,1.074795126914978
636,-1.7000000000000002,2.69,2605056,1039041,-0.15461857616901398,9.871794700622559,1.135364055633545
637,-1.9000000000000001,2.54,2609152,1040643,-0.11785105615854263,10.0,1.0426819324493408
638,-1.85,2.24,2613248,1042273,-0.0891328901052475,9.931507110595703,1.0743461847305298
639,-2.0999999999999996,2.11,2617344,1043852,0.08412007987499237,9.803921699523926,1.0950466394424438
640,-2.25,2.2,2621440,1045505,-0.0198619794100523,10.0,1.1271052360534668
641,-1.85,2.42,2625536,1047110,0.09399944543838501,9.934210777282715,1.1568603515625
642,-1.8,2.41,2629632,1048719,-0.11969590187072754,9.860139846801758,1.0385630130767822
643,-1.9000000000000001,2.6100000000000003,2633728,1050285,-0.22988925874233246,10.0,1.0342986583709717
644,-1.85,2.8600000000000003,2637824,1051890,-0.09858828037977219,9.503105163574219,1.0575952529907227
645,-1.9,2.48,2641920,1053454,-0.2594327926635742,9.936708450317383,1.0859088897705078
646,-2.0,2.37,2646016,1055020,-0.039402008056640625,9.87804889678955,1.0654453039169312
647,-1.7999999999999998,2.3200000000000003,2650112,1056655,0.003642712952569127,9.935483932495117,1.078120470046997
648,-1.8,2.45,2654208,1058210,-0.11593355238437653,9.935065269470215,1.0890623331069946
649,-1.55,2.62,2658304,1059828,-0.053332507610321045,9.782608985900879,1.072113037109375
650,-1.55,2.8,2662400,1061416,-0.09590212255716324,10.0,1.1616812944412231
651,-1.9,2.4000000000000004,2666496,1063011,-0.1985565423965454,9.93055534362793,1.0584603548049927
652,-1.85,2.95,2670592,1064605,0.13944269716739655,10.0,1.033129096031189
653,-1.4,2.66,2674688,1066171,-0.12489897012710571,10.0,1.0622979402542114
654,-1.6,2.62,2678784,1067766,-0.14716841280460358,9.93710708618164,1.0802526473999023
655,-1.8,2.3,2682880,1069398,0.034499675035476685,9.920635223388672,1.1266815662384033
656,-1.5,2.66,2686976,1070951,-0.09231986850500107,9.771428108215332,1.111496925354004
657,-1.7,2.72,2691072,1072504,-0.13813291490077972,9.823529243469238,1.1128523349761963
658,-1.65,2.92,2695168,1074059,-0.08778458833694458,10.0,1.105093002319336
659,-1.25,2.4699999999999998,2699264,1075567,-0.1476081758737564,9.736842155456543,1.128240942955017
660,-1.75,2.4699999999999998,2703360,1077181,0.15077616274356842,9.795918464660645,1.0620256662368774
661,-1.7000000000000002,3.09,2707456,1078729,0.07676596194505692,9.93055534362793,1.0987052917480469
662,-1.4,2.51,2711552,1080303,-0.08857184648513794,9.870967864990234,1.0596121549606323
663,-1.5,2.5599999999999996,2715648,1081790,-0.12150975316762924,9.671052932739258,1.0863233804702759
664,-1.35,3.12,2719744,1083295,-0.1584738790988922,10.0,1.1522425413131714
665,-1.5,2.4299999999999997,2723840,1084920,-0.09855356067419052,9.873417854309082,1.1313849687576294
666,-1.6,2.64,2727936,1086500,-0.005515339784324169,10.0,1.0691179037094116
667,-1.9,2.5,2732032,1088145,-0.09783156961202621,9.863945960998535,1.1417019367218018
668,-1.55,2.72,2736128,1089724,-0.22302979230880737,9.822484970092773,1.0826447010040283
669,-1.4,2.66,2740224,1091363,-0.13407938182353973,9.870129585266113,1.084662914276123
670,-1.75,2.63,2744320,1092963,-0.047303300350904465,9.938650131225586,1.1408571004867554
671,-1.7,2.63,2748416,1094530,-0.06424786150455475,9.805194854736328,1.1105878353118896
672,-1.65,2.4,2752512,1096152,0.0044568981975317,9.877300262451172,1.1543515920639038
673,-1.5499999999999998,2.59,2756608,1097784,-0.03672736883163452,9.86486530303955,1.099884271621704
674,-1.9,2.5700000000000003,2760704,1099439,-0.13721497356891632,9.68152904510498,1.0865787267684937
675,-1.5,2.79,2764800,1100966,0.05754867196083069,10.0,1.0495190620422363
676,-1.25,2.6500000000000004,2768896,1102565,-0.01730787754058838,10.0,1.0940583944320679
677,-1.6,2.71,2772992,1104125,-0.10583637654781342,9.877300262451172,1.1513561010360718
678,-1.15,2.5,2777088,1105684,-0.2766145169734955,10.0,1.1164718866348267
679,-0.9500000000000001,2.8099999999999996,2781184,1107278,0.03360144421458244,9.935065269470215,1.089254379272461
680,-1.65,2.4299999999999997,2785280,1108985,0.1422193944454193,9.866666793823242,1.1109917163848877
681,-1.65,2.41,2789376,1110546,-0.059070248156785965,9.860139846801758,1.1857577562332153
682,-1.55,2.73,2793472,1112160,0.10160117596387863,9.93055534362793,1.1334271430969238
683,-1.4500000000000002,2.44,2797568,1113761,-0.044893376529216766,9.6875,1.1471562385559082
684,-1.4,2.25,2801664,1115362,-0.10221880674362183,9.821428298950195,1.127858281135559
685,-2.1,2.1500000000000004,2805760,1117039,-0.17363634705543518,10.0,1.117499828338623
686,-1.45,2.44,2809856,1118676,0.08171141892671585,9.935483932495117,1.158705711364746
687,-1.75,2.25,2813952,1120354,0.039080988615751266,9.68152904510498,1.1472556591033936
688,-1.75,2.36,2818048,1122033,-0.11532225459814072,9.93197250366211,1.114229440689087
689,-1.45,2.27,2822144,1123644,-0.04506438970565796,9.748427391052246,1.1083762645721436
690,-1.15,2.6399999999999997,2826240,1125320,0.014135990291833878,9.818181991577148,1.095798134803772
691,-1.65,2.52,2830336,1127027,-0.06363729387521744,9.874214172363281,1.1896874904632568
692,-1.45,2.58,2834432,1128708,-0.16894225776195526,9.659863471984863,1.1158146858215332
693,-1.5,2.73,2838528,1130418,-0.06327105313539505,9.870129585266113,1.0827451944351196
694,-1.9500000000000002,2.29,2842624,1132177,-0.03439689055085182,9.929577827453613,1.1067582368850708
695,-1.65,2.44,2846720,1133898,-0.031082702800631523,9.93055534362793,1.1354787349700928
696,-2.3499999999999996,2.09,2850816,1135625,-0.21205520629882812,9.798657417297363,1.134376049041748
697,-1.6,2.34,2854912,1137346,-0.25471460819244385,9.869280815124512,1.0974746942520142
698,-1.8499999999999999,2.2,2859008,1139081,-0.18393434584140778,10.0,1.0484254360198975
699,-1.25,2.7800000000000002,2863104,1140858,-0.19226552546024323,9.93197250366211,1.1223078966140747
700,-1.7000000000000002,2.36,2867200,1142570,-0.1017148569226265,9.929577827453613,1.201956033706665
701,-1.85,2.4000000000000004,2871296,1144295,-0.12695401906967163,10.0,1.131661057472229
702,-1.9500000000000002,2.1500000000000004,2875392,1145949,-0.1492765098810196,10.0,1.178383231163025
703,-1.9500000000000002,2.3200000000000003,2879488,1147630,-0.03587689250707626,9.934640884399414,1.1319077014923096
704,-1.7,2.34,2883584,1149349,-0.0263990331441164,9.877300262451172,1.192779541015625
705,-2.0,2.13,2887680,1151075,-0.027512723580002785,9.934210777282715,1.130179762840271
706,-1.75,2.46,2891776,1152772,-0.19952449202537537,9.866666793823242,1.053090214729309
707,-2.0,2.2699999999999996,2895872,1154516,-0.22764454782009125,9.802631378173828,1.0927845239639282
708,-2.1,2.21,2899968,1156260,-0.03941837698221207,9.810126304626465,1.1365337371826172
709,-2.0,2.6,2904064,1157936,-0.04490499198436737,9.939759254455566,1.1890459060668945
710,-2.0,2.4299999999999997,2908160,1159625,0.09031838923692703,9.86301326751709,1.1281697750091553
711,-2.3,2.14,2912256,1161318,-0.07006414234638214,9.75903606414795,1.1367064714431763
712,-1.5,2.62,2916352,1163013,-0.09247425943613052,9.937888145446777,1.078272819519043
713,-1.75,2.3,2920448,1164743,-0.10279982537031174,10.0,1.1448404788970947
714,-1.8,2.55,2924544,1166441,-0.1287706196308136,9.9375,1.0475118160247803
715,-1.45,2.52,2928640,1168187,-0.12726007401943207,9.931507110595703,1.0852727890014648
716,-2.05,2.48,2932736,1169967,-0.26389962434768677,9.795918464660645,1.1214162111282349
717,-2.45,2.0,2936832,1171757,-0.06522196531295776,10.0,1.0733071565628052
718,-1.65,2.2800000000000002,2940928,1173531,-0.04127182811498642,9.938650131225586,1.1211780309677124
719,-1.5,2.38,2945024,1175374,0.021671539172530174,9.858156204223633,1.0400910377502441
720,-1.7000000000000002,2.49,2949120,1177145,-0.002265835413709283,9.86301326751709,1.0905613899230957
721,-2.0,2.02,2953216,1179004,-0.1560409814119339,10.0,1.1136966943740845
722,-2.0999999999999996,2.2800000000000002,2957312,1180748,-0.1634654551744461,9.936708450317383,1.1128418445587158
723,-2.15,2.24,2961408,1182560,-0.10203958302736282,9.692307472229004,1.0911831855773926
724,-1.8,2.42,2965504,1184322,-0.19022580981254578,9.673202514648438,1.151383876800537
725,-1.65,2.4000000000000004,2969600,1186011,0.020084889605641365,9.929577827453613,1.1154805421829224
726,-1.85,2.2,2973696,1187746,-0.029818285256624222,9.932886123657227,1.1420937776565552
727,-1.8,2.5300000000000002,2977792,1189423,-0.07697741687297821,9.862069129943848,1.0848371982574463
728,-1.9500000000000002,2.4299999999999997,2981888,1191187,-0.08841399848461151,10.0,1.11556875705719
729,-2.2,2.19,2985984,1192989,-0.19060805439949036,10.0,1.0986254215240479
730,-2.2,2.45,2990080,1194806,-0.12042420357465744,9.794520378112793,1.1466844081878662
731,-1.9,2.13,2994176,1196614,-0.19478371739387512,9.862069129943848,1.1115484237670898
732,-2.3,2.17,2998272,1198380,0.02270236238837242,9.939023971557617,1.1105859279632568
733,-1.9500000000000002,2.27,3002368,1200193,-0.045756060630083084,10.0,1.14665687084198
734,-2.05,2.02,3006464,1202010,-0.004444181453436613,9.937888145446777,1.0816419124603271
735,-1.85,2.13,3010560,1203805,-0.0418025404214859,9.743589401245117,1.1365455389022827
736,-2.2,2.3200000000000003,3014656,1205576,-0.1658189296722412,9.935483932495117,1.0595428943634033
737,-2.0,2.45,3018752,1207327,-0.2742607891559601,9.863945960998535,1.0588997602462769
738,-2.05,2.11,3022848,1209084,0.008500118739902973,10.0,1.1000542640686035
739,-2.3,2.09,3026944,1210875,-0.020723778754472733,9.875,1.0941613912582397
740,-2.0,2.25,3031040,1212679,-0.1522330939769745,9.933333396911621,1.0935949087142944
741,-2.0,2.1500000000000004,3035136,1214480,-0.027586838230490685,9.784173011779785,1.042873740196228
742,-1.95,2.1500000000000004,3039232,1216323,0.11398287117481232,10.0,1.133122205734253
743,-2.05,2.25,3043328,1218149,0.07203561812639236,9.808917045593262,1.106170415878296
744,-2.4,1.94,3047424,1220029,-0.09544169157743454,9.933333396911621,1.132954478263855
745,-2.15,2.13,3051520,1221882,-0.1094718873500824,9.863945960998535,1.0825729370117188
746,-1.85,2.2199999999999998,3055616,1223698,-0.09874950349330902,10.0,1.049276351928711
747,-2.25,2.05,3059712,1225560,-0.2007734477519989,9.640287399291992,1.1353169679641724
748,-1.7000000000000002,2.15,3063808,1227381,0.10007981956005096,10.0,1.1112799644470215
749,-2.0,2.42,3067904,1229161,0.007669372018426657,9.73154354095459,1.0780850648880005
750,-1.85,2.12,3072000,1231002,-0.11850593984127045,9.879518508911133,1.0464884042739868
751,-2.3,2.07,3076096,1232838,-0.36387890577316284,9.869280815124512,1.0906283855438232
752,-1.55,2.55,3080192,1234631,0.01762290671467781,9.870129585266113,1.0863075256347656
753,-2.3499999999999996,2.1100000000000003,3084288,1236439,-0.15504120290279388,9.802631378173828,1.099167823791504
754,-1.85,2.3,3088384,1238233,-0.05854837968945503,10.0,1.049149513244629
755,-1.6,2.5300000000000002,3092480,1240065,0.14733725786209106,9.932886123657227,1.1258552074432373
756,-2.1,2.12,3096576,1241843,-0.01619531959295273,9.724138259887695,1.0496814250946045
757,-2.2,2.13,3100672,1243581,0.12060566246509552,9.875,1.112261176109314
758,-2.1,2.33,3104768,1245333,-0.1498887985944748,9.936708450317383,1.0878400802612305
759,-1.7000000000000002,2.3,3108864,1247082,-0.17416952550411224,9.585799217224121,1.15365731716156
760,-2.15,2.25,3112960,1248812,-0.10274894535541534,9.936708450317383,1.1224302053451538
761,-2.3499999999999996,1.99,3117056,1250567,0.02425919473171234,9.866666793823242,1.0748432874679565
762,-2.4000000000000004,2.13,3121152,1252330,-0.15852005779743195,9.934640884399414,1.0867993831634521
763,-2.35,2.14,3125248,1254169,-0.26236358284950256,9.85915470123291,1.1239051818847656
764,-1.75,2.27,3129344,1255952,-0.3272360861301422,10.0,1.107059121131897
765,-1.55,2.26,3133440,1257765,0.004078906029462814,10.0,1.0051285028457642
766,-2.15,2.0300000000000002,3137536,1259572,-0.003782968968153,9.858156204223633,1.0301151275634766
767,-2.55,1.98,3141632,1261389,0.1259557455778122,9.932886123657227,1.0793688297271729
768,-1.6,2.3600000000000003,3145728,1263210,-0.12041138857603073,9.867549896240234,1.068475365638733
769,-2.15,2.4299999999999997,3149824,1264970,-0.34690243005752563,9.798657417297363,1.0727216005325317
770,-2.15,2.36,3153920,1266778,-0.13039453327655792,9.937888145446777,1.0793737173080444
771,-1.9,2.6500000000000004,3158016,1268638,-0.198527529835701,9.856115341186523,0.960340678691864
772,-2.25,2.25,3162112,1270482,-0.109383724629879,9.800000190734863,1.1040271520614624
773,-1.8,2.4299999999999997,3166208,1272370,-0.09883712232112885,9.803921699523926,1.1121944189071655
774,-2.25,2.1,3170304,1274265,0.007605645339936018,9.93055534362793,1.0282734632492065
775,-1.95,2.21,3174400,1276117,-0.18708282709121704,9.722222328186035,1.137505292892456
776,-1.8,2.62,3178496,1277934,-0.07006935030221939,9.939759254455566,1.0300724506378174
777,-2.05,2.15,3182592,1279835,-0.03184240683913231,9.932432174682617,1.0174624919891357
778,-1.9,2.26,3186688,1281697,-0.052387408912181854,9.932432174682617,0.9814466238021851
779,-1.9,2.24,3190784,1283563,-0.09752991050481796,9.807692527770996,1.0438531637191772
780,-1.8499999999999999,2.46,3194880,1285413,-0.28747841715812683,10.0,0.9725626707077026
781,-1.9500000000000002,2.44,3198976,1287272,-0.1628967523574829,10.0,0.994937002658844
782,-2.1500000000000004,2.08,3203072,1289130,-0.06102095544338226,9.86111068725586,1.0353753566741943
783,-2.1500000000000004,2.26,3207168,1291037,0.004401747137308121,9.873417854309082,1.0531303882598877
784,-2.1500000000000004,1.93,3211264,1292960,-0.0801284909248352,10.0,1.0445588827133179
785,-2.0,2.1500000000000004,3215360,1294874,-0.0069799781776964664,9.86301326751709,1.0150682926177979
786,-1.7999999999999998,2.1100000000000003,3219456,1296748,-0.11099784821271896,9.867549896240234,1.0658633708953857
787,-2.1,2.07,3223552,1298572,-0.14362026751041412,10.0,1.0755908489227295
788,-2.25,2.09,3227648,1300375,0.042202793061733246,9.8125,1.023328423500061
789,-2.0,2.09,3231744,1302215,-0.09820319712162018,9.800000190734863,1.0988637208938599
790,-2.0999999999999996,1.87,3235840,1303974,-0.000831902027130127,9.722222328186035,1.0300534963607788
791,-1.65,2.59,3239936,1305742,-0.04243062064051628,9.823529243469238,1.0625396966934204
792,-1.7,2.5999999999999996,3244032,1307534,0.11232160031795502,9.865772247314453,1.062110185623169
793,-1.8,2.4400000000000004,3248128,1309363,-0.11462362855672836,9.870967864990234,1.0529664754867554
794,-1.85,2.18,3252224,1311200,0.23419852554798126,9.866666793823242,1.0463703870773315
795,-2.25,2.34,3256320,1312962,-0.22393251955509186,9.797297477722168,1.027811050415039
796,-1.7000000000000002,2.4299999999999997,3260416,1314736,-0.35069990158081055,9.86486530303955,1.0176873207092285
797,-1.9,2.4800000000000004,3264512,1316573,-0.05755455046892166,9.93710708618164,1.0555145740509033
798,-1.35,2.45,3268608,1318335,-0.13674978911876678,9.797297477722168,0.9765859842300415
799,-1.5499999999999998,3.04,3272704,1320044,0.0399007685482502,9.867549896240234,1.0282093286514282
800,-1.75,2.26,3276800,1321797,-0.17483553290367126,9.931034088134766,1.1085203886032104
801,-1.9,2.45,3280896,1323507,-0.061707720160484314,10.0,1.1110550165176392
802,-2.05,2.43,3284992,1325225,-0.08389860391616821,9.877300262451172,1.0562522411346436
803,-2.05,2.26,3289088,1326941,-0.13672344386577606,9.93197250366211,1.0183007717132568
804,-1.9,2.34,3293184,1328654,-0.08912208676338196,10.0,1.079477310180664
805,-1.65,2.4400000000000004,3297280,1330358,-0.008766096085309982,9.932886123657227,1.062207579612732
806,-1.75,2.5999999999999996,3301376,1332024,0.07302197813987732,9.726027488708496,1.0368186235427856
807,-2.0,2.2800000000000002,3305472,1333694,-0.05148111656308174,9.9375,1.0379867553710938
808,-1.55,3.0999999999999996,3309568,1335386,-0.031606655567884445,10.0,1.0763002634048462
809,-2.35,2.17,3313664,1337058,0.0529487319290638,9.85915470123291,1.0672110319137573
810,-1.9,2.31,3317760,1338781,-0.08171010762453079,9.863945960998535,1.067199468612671
811,-1.9500000000000002,2.39,3321856,1340534,-0.21859481930732727,9.933333396911621,1.0684945583343506
812,-1.6,2.64,3325952,1342212,-0.004153926391154528,9.93710708618164,1.0519908666610718
813,-2.0,2.7,3330048,1343916,0.055298611521720886,9.939759254455566,1.0716173648834229
814,-1.6,2.88,3334144,1345549,-0.16775891184806824,10.0,1.0513712167739868
815,-1.7999999999999998,2.83,3338240,1347249,-0.15059716999530792,9.805194854736328,1.1820207834243774
816,-2.0999999999999996,2.6,3342336,1348925,-0.020760420709848404,10.0,1.0956424474716187
817,-1.7999999999999998,2.3,3346432,1350618,-0.0806737020611763,9.938650131225586,1.0755995512008667
818,-1.65,2.4400000000000004,3350528,1352360,-0.09671732783317566,9.93197250366211,1.032118320465088
819,-2.15,2.3,3354624,1354113,-0.13421349227428436,9.93197250366211,1.080804467201233
820,-2.35,2.24,3358720,1355808,0.07996249198913574,9.931034088134766,1.0880484580993652
821,-1.85,2.59,3362816,1357504,-0.15529213845729828,9.867549896240234,1.0801054239273071
822,-1.7,2.41,3366912,1359209,-0.2287568897008896,9.876543045043945,1.0076268911361694
823,-2.3,2.1,3371008,1360876,0.02874203585088253,9.86486530303955,1.05984365940094
824,-1.7,2.24,3375104,1362627,0.15792503952980042,9.800000190734863,1.0212093591690063
825,-2.0,2.1799999999999997,3379200,1364366,0.14050664007663727,9.928571701049805,0.9738248586654663
826,-2.1,2.7,3383296,1366065,-0.18365326523780823,9.935065269470215,1.0419443845748901
827,-1.5,2.52,3387392,1367775,0.024585053324699402,9.9375,1.0000684261322021
828,-1.75,2.1,3391488,1369477,-0.17529094219207764,9.881656646728516,1.0690401792526245
829,-1.7,2.42,3395584,1371184,0.05828111618757248,10.0,1.0329173803329468
830,-1.9,2.3099999999999996,3399680,1372866,0.006203151773661375,9.743589401245117,1.0844526290893555
831,-1.8,2.54,3403776,1374491,-0.17714086174964905,9.820359230041504,1.0664057731628418
832,-2.05,2.49,3407872,1376190,-0.05255779251456261,10.0,1.0670169591903687
833,-1.4,2.8,3411968,1377854,0.15551720559597015,9.879518508911133,1.0807175636291504
834,-1.85,2.15,3416064,1379512,-0.25008881092071533,9.862069129943848,1.0724520683288574
835,-1.25,2.5300000000000002,3420160,1381224,-0.03981998190283775,9.788732528686523,1.1373807191848755
836,-1.9,2.25,3424256,1382914,-0.04319513589143753,9.865772247314453,1.0508818626403809
837,-1.35,2.5700000000000003,3428352,1384576,-0.3513634502887726,9.724138259887695,1.0945887565612793
838,-2.0,2.27,3432448,1386218,-0.028829777613282204,9.671052932739258,1.0668715238571167
839,-2.05,2.1,3436544,1387994,-0.003524880623444915,9.662161827087402,1.1395142078399658
840,-1.5,2.49,3440640,1389672,0.10142068564891815,9.933333396911621,1.1013249158859253
841,-1.6,2.7800000000000002,3444736,1391288,-0.006498910952359438,9.863945960998535,1.0528126955032349
842,-1.55,2.27,3448832,1392934,0.025405749678611755,9.860139846801758,1.054715871810913
843,-2.1,2.46,3452928,1394568,-0.046272456645965576,9.86486530303955,1.0886762142181396
844,-2.25,2.08,3457024,1396264,-0.012273945845663548,9.813664436340332,1.1290453672409058
845,-2.0,2.3,3461120,1397882,-0.0508137010037899,9.797297477722168,1.0587435960769653
846,-2.1,2.29,3465216,1399560,-0.14493462443351746,10.0,1.1460150480270386
847,-1.45,2.75,3469312,1401162,-0.13532553613185883,9.9375,1.1148951053619385
848,-1.35,2.98,3473408,1402784,-0.2436758130788803,9.934210777282715,1.12471604347229
849,-1.25,2.37,3477504,1404392,0.02315829135477543,9.865772247314453,1.1126748323440552
850,-1.7,2.48,3481600,1406021,0.016282295808196068,9.855072021484375,1.0915701389312744
851,-1.75,2.41,3485696,1407661,-0.08028607070446014,9.873417854309082,1.1795825958251953
852,-1.45,2.88,3489792,1409209,-0.09842721372842789,9.798657417297363,0.9926287531852722
853,-1.5,2.63,3493888,1410826,-0.36693471670150757,9.873417854309082,1.099157691001892
854,-1.35,2.71,3497984,1412504,-0.11279930919408798,9.867549896240234,1.1127023696899414
855,-1.6,2.66,3502080,1414171,0.021361220628023148,9.867549896240234,1.1034280061721802
856,-1.55,2.62,3506176,1415774,-0.25329914689064026,9.883721351623535,1.1470706462860107
857,-1.6,2.59,3510272,1417460,-0.2040718048810959,9.795918464660645,1.111169695854187
858,-1.75,2.7,3514368,1419117,-0.015900515019893646,9.8125,1.130218267440796
859,-2.15,2.5599999999999996,3518464,1420747,-0.0609172061085701,10.0,1.1460157632827759
860,-1.75,2.33,3522560,1422395,0.05407438427209854,9.810126304626465,1.1459660530090332
861,-1.45,2.58,3526656,1424064,-0.12580226361751556,10.0,1.1594845056533813
862,-1.1,2.8499999999999996,3530752,1425719,-0.2670694589614868,10.0,1.0628730058670044
863,-1.65,2.98,3534848,1427361,-0.06908190995454788,10.0,1.0879058837890625
864,-1.35,2.38,3538944,1429001,-0.02636740915477276,9.806451797485352,1.1542612314224243
865,-1.8,2.1500000000000004,3543040,1430631,-0.16940546035766602,9.878787994384766,1.1126835346221924
866,-1.15,2.52,3547136,1432283,-0.17392292618751526,9.93197250366211,1.0925995111465454
867,-1.6,2.31,3551232,1433888,-0.11700860410928726,9.929078102111816,1.1087502241134644
868,-1.4,2.76,3555328,1435474,-0.12643088400363922,9.875776290893555,1.144775152206421
869,-1.65,2.2800000000000002,3559424,1437063,-0.28639301657676697,9.938650131225586,1.0698678493499756
870,-1.65,2.8200000000000003,3563520,1438695,-0.17419780790805817,9.85915470123291,1.1174160242080688
871,-1.9,2.04,3567616,1440367,-0.1929120123386383,10.0,1.0735461711883545
872,-1.5,2.7800000000000002,3571712,1442029,-0.16019731760025024,9.872611045837402,1.084262490272522
873,-1.7,2.71,3575808,1443646,-0.12968096137046814,9.933333396911621,1.1272528171539307
874,-1.2999999999999998,2.7699999999999996,3579904,1445243,-0.28311607241630554,10.0,1.1186898946762085
875,-2.25,2.14,3584000,1446876,0.004926719702780247,9.938271522521973,1.1271090507507324
876,-1.6,2.27,3588096,1448492,-0.17507228255271912,9.874214172363281,1.0909652709960938
877,-1.7,2.27,3592192,1450158,-0.23249030113220215,9.931507110595703,1.1663602590560913
878,-1.75,2.4699999999999998,3596288,1451806,0.04109254851937294,9.870967864990234,1.1429698467254639
879,-1.9,2.21,3600384,1453486,-0.22607114911079407,9.85915470123291,1.1217268705368042
880,-1.35,2.98,3604480,1455040,-0.13548830151557922,9.559748649597168,1.0988085269927979
881,-1.7999999999999998,2.62,3608576,1456654,-0.18418976664543152,9.75903606414795,1.1520718336105347
882,-1.8499999999999999,2.5999999999999996,3612672,1458333,-0.10594020783901215,10.0,1.1598714590072632
883,-2.1,2.48,3616768,1460008,-0.1730278879404068,10.0,1.1212472915649414
884,-1.9,2.26,3620864,1461690,0.011929452419281006,9.931034088134766,1.0708730220794678
885,-1.9,2.21,3624960,1463389,-0.15796200931072235,9.866666793823242,1.0864862203598022
886,-1.85,2.51,3629056,1465054,0.057222314178943634,9.793103218078613,1.102367877960205
887,-1.7999999999999998,2.75,3633152,1466723,-0.18886804580688477,9.805194854736328,1.1428800821304321
888,-1.75,2.45,3637248,1468370,0.07974192500114441,9.866666793823242,1.0610711574554443
889,-1.65,2.1900000000000004,3641344,1470044,-0.42002737522125244,9.931034088134766,1.073984980583191
890,-1.35,2.51,3645440,1471704,0.03414078429341316,9.933333396911621,1.0578285455703735
891,-1.75,2.9699999999999998,3649536,1473367,0.005236986558884382,9.93055534362793,1.1327834129333496
892,-1.6,2.61,3653632,1475087,-0.006077153142541647,9.86301326751709,1.0124341249465942
893,-1.85,2.8200000000000003,3657728,1476755,-0.04607653617858887,9.862069129943848,1.06027090549469
894,-1.75,2.5,3661824,1478353,-0.05598524957895279,9.802631378173828,1.0867815017700195
895,-1.65,2.88,3665920,1479979,-0.11511683464050293,9.936708450317383,1.0059702396392822
896,-1.8,2.34,3670016,1481629,0.013287403620779514,9.871794700622559,1.0545692443847656
897,-1.5,2.84,3674112,1483266,-0.34478649497032166,9.729729652404785,1.0110702514648438
898,-1.8,2.4699999999999998,3678208,1484897,-0.02959473244845867,9.627328872680664,1.0411263704299927
899,-1.7999999999999998,2.4,3682304,1486473,-0.11880190670490265,9.741935729980469,1.083631992340088
900,-1.35,2.96,3686400,1488020,-0.23776869475841522,9.802631378173828,1.020463228225708
901,-1.65,2.5300000000000002,3690496,1489587,-0.14584752917289734,9.865772247314453,1.0886629819869995
902,-1.4,2.55,3694592,1491258,-0.077977254986763,9.724138259887695,1.0191256999969482
903,-2.2,2.45,3698688,1492903,-0.15714724361896515,9.807692527770996,1.0591213703155518
904,-1.95,2.32,3702784,1494466,0.014781082049012184,10.0,1.0105435848236084
905,-1.85,2.34,3706880,1496125,0.00921710766851902,9.805194854736328,0.9951815009117126
906,-1.85,2.55,3710976,1497742,-0.11619959026575089,9.876543045043945,1.0084596872329712
907,-2.05,2.3,3715072,1499362,-0.17980778217315674,9.875,1.0424273014068604
908,-2.0,2.42,3719168,1501002,-0.03924218565225601,9.9375,1.0329787731170654
909,-1.5499999999999998,2.71,3723264,1502642,-0.15429742634296417,9.9421968460083,1.0255142450332642
910,-1.85,2.33,3727360,1504337,-0.22729726135730743,9.793103218078613,1.049278736114502
911,-2.1,2.1100000000000003,3731456,1506068,-0.07240546494722366,9.860139846801758,1.0684006214141846
912,-1.4,2.7,3735552,1507668,0.017963429912924767,9.931034088134766,1.0614789724349976
913,-1.5,2.52,3739648,1509311,-0.181616872549057,9.936708450317383,1.0472415685653687
914,-1.65,2.42,3743744,1510956,-0.04446890205144882,10.0,1.0555721521377563
915,-2.0,2.48,3747840,1512642,-0.12729279696941376,9.866666793823242,1.0398722887039185
916,-1.6,2.45,3751936,1514274,-0.13753755390644073,9.872611045837402,1.0171252489089966
917,-1.65,2.25,3756032,1515844,-0.16997693479061127,9.802631378173828,1.0386399030685425
918,-1.8,2.59,3760128,1517420,-0.001290225307457149,10.0,1.0221359729766846
919,-1.8,2.76,3764224,1518942,-0.0952170118689537,9.938650131225586,1.00584077835083
920,-2.1,2.5300000000000002,3768320,1520557,-0.09044191241264343,9.936708450317383,1.0355303287506104
921,-1.95,2.25,3772416,1522169,0.04500657692551613,9.797297477722168,1.0228588581085205
922,-1.9500000000000002,2.6799999999999997,3776512,1523727,-0.16762544214725494,9.740260124206543,1.0551234483718872
923,-1.85,2.69,3780608,1525323,0.08724958449602127,9.935483932495117,1.015822410583496
924,-1.6,2.49,3784704,1526948,0.04355774447321892,9.872611045837402,1.0510259866714478
925,-1.8,2.5300000000000002,3788800,1528572,-0.05841103941202164,9.675324440002441,1.0091289281845093
926,-2.0,2.58,3792896,1530230,-0.07909605652093887,9.873417854309082,1.0399823188781738
927,-1.6,2.56,3796992,1531871,-0.26057693362236023,9.86111068725586,1.0009568929672241
928,-2.15,2.33,3801088,1533495,-0.14707180857658386,9.75460147857666,0.9624994397163391
929,-2.05,2.4699999999999998,3805184,1535182,0.029017657041549683,9.871794700622559,1.0112355947494507
930,-1.35,2.84,3809280,1536812,-0.1616995632648468,9.493670463562012,1.0475910902023315
931,-1.8,2.56,3813376,1538491,-0.13991139829158783,9.68152904510498,1.0059798955917358
932,-2.1,2.41,3817472,1540158,0.09220722317695618,9.735099792480469,1.0097548961639404
933,-1.5,2.7199999999999998,3821568,1541784,-0.020481128245592117,10.0,1.0283771753311157
934,-2.2,2.29,3825664,1543458,-0.2609485983848572,10.0,0.980958878993988
935,-1.9,2.41,3829760,1545134,-0.027722302824258804,9.935897827148438,1.0488981008529663
936,-1.85,2.54,3833856,1546787,-0.028172271326184273,9.815951347351074,1.0238038301467896
937,-1.9,2.37,3837952,1548413,-0.12577319145202637,9.870967864990234,1.0504603385925293
938,-2.0,2.5300000000000002,3842048,1550065,-0.06870204955339432,9.774435997009277,1.1198512315750122
939,-1.5499999999999998,2.67,3846144,1551687,-0.096256323158741,9.75,1.0981165170669556
940,-2.05,2.5700000000000003,3850240,1553298,-0.09566456824541092,9.938271522521973,1.1670951843261719
941,-1.7999999999999998,2.71,3854336,1554816,-0.15184013545513153,9.934640884399414,1.0597174167633057
942,-1.6,2.91,3858432,1556430,-0.07592169940471649,9.675324440002441,1.0688025951385498
943,-1.6,2.42,3862528,1558044,-0.1420748084783554,9.73154354095459,1.0646682977676392
944,-2.05,2.3899999999999997,3866624,1559638,-0.20280152559280396,10.0,1.0436620712280273
945,-1.8,2.6,3870720,1561300,-0.021579662337899208,9.671052932739258,1.0975230932235718
946,-2.0,2.51,3874816,1562942,-0.029802285134792328,9.871794700622559,1.031076431274414
947,-1.85,2.2199999999999998,3878912,1564567,-0.11457377672195435,9.928571701049805,1.0426578521728516
948,-2.2,2.41,3883008,1566327,-0.11143297702074051,9.932432174682617,1.0992262363433838
949,-1.5499999999999998,2.52,3887104,1567933,-0.0594758465886116,9.729729652404785,0.9962794184684753
950,-1.7000000000000002,2.76,3891200,1569549,-0.28464290499687195,9.935483932495117,0.9947194457054138
951,-1.85,2.4400000000000004,3895296,1571162,-0.1986057460308075,9.857142448425293,1.0344091653823853
952,-1.85,2.35,3899392,1572776,-0.1744893193244934,10.0,1.0569169521331787
953,-2.05,2.62,3903488,1574425,-0.028062626719474792,9.803921699523926,1.0495693683624268
954,-1.95,2.52,3907584,1576021,-0.1795719414949417,9.937888145446777,0.9962747693061829
955,-1.3,2.96,3911680,1577622,-0.007315949071198702,9.931507110595703,1.0364587306976318
956,-1.7000000000000002,2.6100000000000003,3915776,1579263,0.02745380438864231,9.86301326751709,1.067564606666565
957,-1.4500000000000002,2.95,3919872,1580856,-0.2517651617527008,9.934640884399414,1.0111700296401978
958,-1.9500000000000002,2.3499999999999996,3923968,1582390,-0.2785305380821228,9.932886123657227,1.0847898721694946
959,-2.0,2.45,3928064,1583917,-0.05514349788427353,9.938650131225586,0.9986575841903687
960,-1.4500000000000002,2.62,3932160,1585494,-0.08166036754846573,9.75460147857666,0.9865020513534546
961,-1.75,2.63,3936256,1587093,-0.11416900157928467,9.932886123657227,1.0552290678024292
962,-1.65,3.01,3940352,1588583,0.04532639682292938,9.781022071838379,1.0362666845321655
963,-1.7,2.45,3944448,1590174,-0.18046151101589203,10.0,0.9865373969078064
964,-1.85,2.55,3948544,1591717,-0.23604393005371094,9.873417854309082,0.9819139838218689
965,-1.45,2.4699999999999998,3952640,1593254,-0.02947201207280159,9.757575988769531,1.033366084098816
966,-1.45,2.92,3956736,1594724,-0.01661892980337143,9.935897827148438,1.0825554132461548
967,-1.5,2.74,3960832,1596278,-0.13916219770908356,9.873417854309082,1.0898455381393433
968,-1.65,3.04,3964928,1597728,-0.12945809960365295,10.0,1.0012998580932617
969,-1.65,2.87,3969024,1599191,-0.2098749577999115,9.556962013244629,0.9824260473251343
970,-1.4500000000000002,2.67,3973120,1600712,-0.1339394599199295,9.808917045593262,0.9670830965042114
971,-1.9,2.61,3977216,1602199,-0.03700714185833931,9.813664436340332,0.969108521938324
972,-1.7000000000000002,2.8600000000000003,3981312,1603696,0.0506698377430439,9.8125,1.0550553798675537
973,-1.55,2.7,3985408,1605227,-0.12155521661043167,9.935065269470215,0.9997043609619141
974,-1.85,2.73,3989504,1606786,-0.10968022048473358,9.873417854309082,1.0353657007217407
975,-1.65,2.7,3993600,1608342,-0.18763242661952972,10.0,0.9589583873748779
976,-1.7,2.69,3997696,1609883,-0.06691107898950577,10.0,1.0194149017333984
977,-1.7,2.61,4001792,1611355,-0.14922533929347992,9.741935729980469,1.0391207933425903
978,-1.6,2.6,4005888,1612822,-0.06776058673858643,9.878787994384766,1.0742647647857666
979,-1.65,2.71,4009984,1614300,-0.08235123008489609,9.70588207244873,0.9800040125846863
980,-1.8,2.72,4014080,1615862,-0.043061137199401855,9.726027488708496,0.9803463816642761
981,-2.25,2.74,4018176,1617416,-0.10766289383172989,9.797297477722168,1.0410023927688599
982,-2.05,2.63,4022272,1619023,-0.012036705389618874,9.9375,1.064844012260437
983,-2.3499999999999996,2.49,4026368,1620643,0.038008611649274826,9.880952835083008,1.0100773572921753
984,-1.6500000000000001,2.9,4030464,1622271,-0.07458905875682831,9.86486530303955,0.9558746814727783
985,-1.85,2.4000000000000004,4034560,1623912,-0.0190802663564682,9.806451797485352,1.1028528213500977
986,-1.9500000000000002,2.55,4038656,1625543,-0.07584280520677567,9.862069129943848,1.0532464981079102
987,-1.85,2.1799999999999997,4042752,1627150,-0.05040410906076431,9.935897827148438,1.0347286462783813
988,-1.9,2.5700000000000003,4046848,1628744,-0.08557149767875671,9.935065269470215,0.9529059529304504
989,-1.9,2.49,4050944,1630356,-0.07631506770849228,9.932432174682617,0.9432901740074158
990,-1.75,2.6100000000000003,4055040,1631978,-0.11877748370170593,10.0,1.0126546621322632
991,-1.85,2.76,4059136,1633603,-0.04399852082133293,9.933774948120117,1.0087573528289795
992,-2.1500000000000004,2.5700000000000003,4063232,1635259,-0.21206429600715637,9.679487228393555,1.0999048948287964
993,-2.0,2.5700000000000003,4067328,1636875,-0.0939338281750679,9.877300262451172,1.055295467376709
994,-2.1,2.49,4071424,1638463,-0.12244176119565964,9.800000190734863,1.0536242723464966
995,-1.6,2.68,4075520,1640115,0.04171883314847946,9.820359230041504,1.0633317232131958
996,-2.55,2.09,4079616,1641809,0.02620474249124527,9.818181991577148,1.0651317834854126
997,-1.8,2.6399999999999997,4083712,1643319,-0.10816355049610138,10.0,1.0200858116149902
998,-2.0,2.1,4087808,1644929,-0.0495673231780529,9.883721351623535,0.9966556429862976
999,-1.7,2.3099999999999996,4091904,1646554,-0.13869494199752808,10.0,1.115431308746338
1000,-1.4,2.5700000000000003,4096000,1648154,-0.16842281818389893,9.934210777282715,1.0477015972137451
